"","text","favorited","favoriteCount","replyToSN","created","truncated","replyToSID","id","replyToUID","statusSource","screenName","retweetCount","isRetweet","retweeted","longitude","latitude","date"
"1","HAPPY BIRTHDAY Jackson
#KingJacksonDay https://t.co/Ge5ULF86Eh",FALSE,89908,NA,2018-03-27 15:00:09,FALSE,NA,"978647872907329536",NA,"<a href=""http://twitter.com"" rel=""nofollow"">Twitter Web Client</a>","GOT7Official",66905,FALSE,FALSE,NA,NA,2018-03-27
"2","HAPPY BIRTHDAY #LISA <ed><U+00A0><U+00BC><ed><U+00BE><U+0089>

#BLACKPINK #<U+BE14><U+B799><U+D551><U+D06C>
#2018_03_27 #HBD #<U+B9AC><U+C0AC> https://t.co/VxLlIzJpFp",FALSE,74499,NA,2018-03-26 15:00:01,FALSE,NA,"978285448517713920",NA,"<a href=""https://studio.twitter.com"" rel=""nofollow"">Media Studio</a>","ygent_official",50572,FALSE,FALSE,NA,NA,2018-03-26
"3","Trade talks going on with numerous countries that, for many years, have not treated the United States fairly. In the end, all will be happy!",FALSE,89542,NA,2018-03-27 00:44:52,FALSE,NA,"978432632273948674",NA,"<a href=""http://twitter.com/download/iphone"" rel=""nofollow"">Twitter for iPhone</a>","realDonaldTrump",18621,FALSE,FALSE,NA,NA,2018-03-27
"4","HAPPY BIRTHDAY Jackson 
#KingJacksonDay https://t.co/zoUwRMJy0N",FALSE,31239,NA,2018-03-27 15:00:03,FALSE,NA,"978647843886911489",NA,"<a href=""http://twitter.com"" rel=""nofollow"">Twitter Web Client</a>","jypnation",21917,FALSE,FALSE,NA,NA,2018-03-27
"5","This mans an absolute legend! @CraigDavid hops on a random bus in London today and starts performing. Look how happ… https://t.co/8w4RNrRa1y",FALSE,14318,NA,2018-03-27 15:56:57,TRUE,NA,"978662163291295745",NA,"<a href=""https://studio.twitter.com"" rel=""nofollow"">Media Studio</a>","NathanDawe",5939,FALSE,FALSE,NA,NA,2018-03-27
"6","This girl was a victim of the shooting, is still recovering from bullet wounds inflicted by an AR-15, and SHE ! KEP… https://t.co/PXXTsn65tk",FALSE,70557,NA,2018-03-26 18:44:37,TRUE,NA,"978341971709358080",NA,"<a href=""http://twitter.com/download/iphone"" rel=""nofollow"">Twitter for iPhone</a>","Emma4Change",12171,FALSE,FALSE,NA,NA,2018-03-26
"7","Happy Birthday Lisa !!  <ed><U+00A0><U+00BD><ed><U+00B9><U+008C><ed><U+00A0><U+00BC><ed><U+00BF><U+00BC> <ed><U+00A0><U+00BC><ed><U+00BE><U+0082> <ed><U+00A0><U+00BD><ed><U+00B8><U+0098> #HappyLisaDay #BrightestStarLisaDay @ygofficialblink https://t.co/rWyuqr4aLm",FALSE,16096,NA,2018-03-26 15:01:12,FALSE,NA,"978285747437494272",NA,"<a href=""http://bufferapp.com"" rel=""nofollow"">Buffer</a>","Koreaboo",8820,FALSE,FALSE,NA,NA,2018-03-26
"8","Happy Spring Break, Everybody. https://t.co/xoNUrlZwMr",FALSE,91099,NA,2018-03-27 16:09:25,FALSE,NA,"978665301050085376",NA,"<a href=""http://twitter.com/download/iphone"" rel=""nofollow"">Twitter for iPhone</a>","TheEllenShow",3245,FALSE,FALSE,NA,NA,2018-03-27
"9","Happy birthday Dad, merci for watching over me and my brothers <ed><U+00A0><U+00BD><ed><U+00B9><U+008F><ed><U+00A0><U+00BC><ed><U+00BF><U+00BE>@equipedefrance great win team! https://t.co/VRHPMI7PPp",FALSE,34281,NA,2018-03-27 19:09:58,FALSE,NA,"978710739077787654",NA,"<a href=""http://twitter.com/download/iphone"" rel=""nofollow"">Twitter for iPhone</a>","paulpogba",8505,FALSE,FALSE,NA,NA,2018-03-27
"10","HAPPY #AirMaxDay!!! Which ones will I wear today <ed><U+00A0><U+00BE><ed><U+00B4><U+0094><ed><U+00A0><U+00BE><ed><U+00B4><U+00B7><ed><U+00A0><U+00BC><ed><U+00BF><U+00BE><U+200D><U+2642><U+FE0F><ed><U+00A0><U+00BD><ed><U+00B8><U+0081>",FALSE,20856,NA,2018-03-26 15:11:24,FALSE,NA,"978288314590617600",NA,"<a href=""http://twitter.com/download/iphone"" rel=""nofollow"">Twitter for iPhone</a>","KingJames",2754,FALSE,FALSE,NA,NA,2018-03-26
"11","Happy Ten Year Twitter Anniversary! It’s been willlllld ride <ed><U+00A0><U+00BE><ed><U+00B7><U+009A><U+200D><U+2640><U+FE0F> https://t.co/wljWKdXkwH",FALSE,25338,NA,2018-03-26 19:29:29,FALSE,NA,"978353261454409729",NA,"<a href=""http://twitter.com/download/iphone"" rel=""nofollow"">Twitter for iPhone</a>","ladygaga",5607,FALSE,FALSE,NA,NA,2018-03-26
"12","So happy and proud of my brother... Great having you back!!! The future is bright #TheProcess https://t.co/O9ch4cvy3e",FALSE,33607,NA,2018-03-27 02:46:45,FALSE,NA,"978463303495307265",NA,"<a href=""http://twitter.com/download/iphone"" rel=""nofollow"">Twitter for iPhone</a>","JoelEmbiid",4823,FALSE,FALSE,NA,NA,2018-03-27
"13","Happy Birthday to #GOT7's Jackson! #HappyJacksonDay! <ed><U+00A0><U+00BC><ed><U+00BE><U+0089> Catch up with him: https://t.co/Xh8iPEVZXk https://t.co/KBGJL0dqSx",FALSE,14896,NA,2018-03-27 15:00:05,FALSE,NA,"978647852506337280",NA,"<a href=""https://studio.twitter.com"" rel=""nofollow"">Media Studio</a>","soompi",9602,FALSE,FALSE,NA,NA,2018-03-27
"14","Happy Birthday to #BLACKPINK's Lisa! #HappyLisaDay! <ed><U+00A0><U+00BC><ed><U+00BE><U+0089> Catch up with her: https://t.co/cZ2lkjxhIB https://t.co/MpiCd3wA8d",FALSE,11607,NA,2018-03-26 15:00:00,FALSE,NA,"978285447280340992",NA,"<a href=""https://studio.twitter.com"" rel=""nofollow"">Media Studio</a>","soompi",6996,FALSE,FALSE,NA,NA,2018-03-26
"15","Happy Birthday Jackson !! <ed><U+00A0><U+00BD><ed><U+00B8><U+008D> <ed><U+00A0><U+00BC><ed><U+00BD><U+00B0> <ed><U+00A0><U+00BD><ed><U+00B9><U+008C><ed><U+00A0><U+00BC><ed><U+00BF><U+00BC> #HappyJacksonDay  #KINGJACKSONDAY @GOT7Official https://t.co/yQd3HSI6mW",FALSE,12397,NA,2018-03-27 15:00:25,FALSE,NA,"978647938581827584",NA,"<a href=""http://bufferapp.com"" rel=""nofollow"">Buffer</a>","Koreaboo",7608,FALSE,FALSE,NA,NA,2018-03-27
"16","Make sure to wish #XIUMIN of @weareoneEXO a Happy Birthday <U+2728> We hope you are being showered with all the love and g… https://t.co/rWyHxu4yAR",FALSE,7003,NA,2018-03-26 09:08:57,TRUE,NA,"978197102365876225",NA,"<a href=""https://about.twitter.com/products/tweetdeck"" rel=""nofollow"">TweetDeck</a>","PULPLiveWorld",6157,FALSE,FALSE,NA,NA,2018-03-26
"17","Happy Birthday Xiumin !! <ed><U+00A0><U+00BC><ed><U+00BE><U+0089> <ed><U+00A0><U+00BC><ed><U+00BE><U+0082> <ed><U+00A0><U+00BD><ed><U+00B2><U+0095>#HappyXiuminDay @weareoneEXO https://t.co/PDIq9Fl10z",FALSE,8254,NA,2018-03-26 07:49:51,FALSE,NA,"978177194903162880",NA,"<a href=""http://bufferapp.com"" rel=""nofollow"">Buffer</a>","Koreaboo",4483,FALSE,FALSE,NA,NA,2018-03-26
"18","Happy 28th Birthday to #EXO's #XIUMIN! #HappyXiuminDay 
<U+2764><U+FE0F><ed><U+00A0><U+00BC><ed><U+00B7><U+00B0><ed><U+00A0><U+00BC><ed><U+00B7><U+00B7><ed><U+00A0><U+00BC><ed><U+00BE><U+00B6><ed><U+00A0><U+00BC><ed><U+00BE><U+00BC><ed><U+00A0><U+00BC><ed><U+00BE><U+00A4><ed><U+00A0><U+00BC><ed><U+00BE><U+0082><ed><U+00A0><U+00BC><ed><U+00BE><U+0089><ed><U+00A0><U+00BC><ed><U+00BE><U+0081><ed><U+00A0><U+00BC><ed><U+00BE><U+0088><ed><U+00A0><U+00BC><ed><U+00BC><U+009F><ed><U+00A0><U+00BD><ed><U+00B2><U+00AB><ed><U+00A0><U+00BC><ed><U+00BE><U+0087> https://t.co/Djc3xDDrTO",FALSE,9172,NA,2018-03-26 05:35:45,FALSE,NA,"978143448577466369",NA,"<a href=""http://twitter.com"" rel=""nofollow"">Twitter Web Client</a>","WORLDMUSICAWARD",9573,FALSE,FALSE,NA,NA,2018-03-26
"19","You attract people
of the same frequency
as YOU.

Pay more attention to
the kind, happy, creative
and loving people… https://t.co/j0h5PC5S9s",FALSE,1523,NA,2018-03-26 12:23:06,TRUE,NA,"978245958642356231",NA,"<a href=""http://twitter.com/#!/download/ipad"" rel=""nofollow"">Twitter for iPad</a>","MyPowertalk",752,FALSE,FALSE,NA,NA,2018-03-26
"20","From an immigrant neighborhood in Boston to the outer reaches of the galaxy. Quite the trajectory. Happy Birthday D… https://t.co/5l7LbqJqm0",FALSE,9761,NA,2018-03-26 14:38:45,TRUE,NA,"978280099182034950",NA,"<a href=""http://twitter.com/download/iphone"" rel=""nofollow"">Twitter for iPhone</a>","adam_nimoy",2146,FALSE,FALSE,NA,NA,2018-03-26
"21","Happy March 26th. #LGRW https://t.co/94cw1b8k5O",FALSE,3901,NA,2018-03-26 14:38:03,FALSE,NA,"978279921368883201",NA,"<a href=""https://studio.twitter.com"" rel=""nofollow"">Media Studio</a>","DetroitRedWings",2506,FALSE,FALSE,NA,NA,2018-03-26
"22","Happy Birthday Ate @bernardokath! https://t.co/zgqkCLsCOu",FALSE,15767,NA,2018-03-26 05:31:50,FALSE,NA,"978142459594092544",NA,"<a href=""http://twitter.com/download/iphone"" rel=""nofollow"">Twitter for iPhone</a>","Espanto2001",3142,FALSE,FALSE,NA,NA,2018-03-26
"23","""I'm just so happy to be here. All the teams I've played with, I've never been this happy."" <ed><U+00A0><U+00BE><ed><U+00B4><U+0098>

#RunAsOne https://t.co/Cf7op3MxoL",FALSE,1132,NA,2018-03-26 14:30:02,FALSE,NA,"978277904290217984",NA,"<a href=""https://studio.twitter.com"" rel=""nofollow"">Media Studio</a>","HoustonRockets",291,FALSE,FALSE,NA,NA,2018-03-26
"24","happy birthday queen @bernardokath <U+263A><U+FE0F>",FALSE,14884,NA,2018-03-26 04:22:49,FALSE,NA,"978125093711765504",NA,"<a href=""http://twitter.com/download/iphone"" rel=""nofollow"">Twitter for iPhone</a>","shar_sanpedro",3090,FALSE,FALSE,NA,NA,2018-03-26
"25","Welcome @itigershroff to the @becurefit family and happy to see you sharing the vision of making India better and f… https://t.co/o6sEZKbfNI",FALSE,8400,NA,2018-03-26 13:06:48,TRUE,NA,"978256959521656832",NA,"<a href=""http://twitter.com/download/iphone"" rel=""nofollow"">Twitter for iPhone</a>","iHrithik",720,FALSE,FALSE,NA,NA,2018-03-26
"26","U.S. Expels 60 Russian Officials Over Poisoning of Ex-Spy in U.K.  I’m happy to see that the special U.K./US relati… https://t.co/ezEuUulp8W",FALSE,1666,NA,2018-03-26 13:13:34,TRUE,NA,"978258659938586625",NA,"<a href=""http://twitter.com/download/iphone"" rel=""nofollow"">Twitter for iPhone</a>","Billbrowder",438,FALSE,FALSE,NA,NA,2018-03-26
"27","@ShannonBream I’m more of a “Reserve Avenger”. But happy to help. DM me.",FALSE,62637,"ShannonBream",2018-03-26 02:34:31,FALSE,"978015517662466048","978097838872846337","18983793","<a href=""http://twitter.com/download/iphone"" rel=""nofollow"">Twitter for iPhone</a>","VancityReynolds",5897,FALSE,FALSE,NA,NA,2018-03-26
"28","Summer is back - happy #OberonDay! <U+2600><U+FE0F> <ed><U+00A0><U+00BC><ed><U+00BD><U+00BB> https://t.co/Svqw2c4NGx",FALSE,1632,NA,2018-03-26 13:45:06,FALSE,NA,"978266597214257153",NA,"<a href=""http://coschedule.com"" rel=""nofollow"">CoSchedule</a>","BellsBrewery",877,FALSE,FALSE,NA,NA,2018-03-26
"29","Happy birthday to former @NGSuperEagles hard tackling defender, Taribo West. Thank you for the memories. Any one mi… https://t.co/T7XoKued6P",FALSE,685,NA,2018-03-26 07:44:11,TRUE,NA,"978175767015288834",NA,"<a href=""http://twitter.com/download/android"" rel=""nofollow"">Twitter for Android</a>","thenff",264,FALSE,FALSE,NA,NA,2018-03-26
"30","Queen of Hearts Kathryn is getting more beautiful each day! On her special day, see her oh-so-pretty photos that wi… https://t.co/z2o0ANnObf",FALSE,1920,NA,2018-03-26 07:04:07,TRUE,NA,"978165684151767040",NA,"<a href=""http://twitter.com"" rel=""nofollow"">Twitter Web Client</a>","ABSCBN",863,FALSE,FALSE,NA,NA,2018-03-26
"31","@ShannonBream Happy to! DM me",FALSE,33007,"ShannonBream",2018-03-26 02:21:57,FALSE,"978015517662466048","978094676573151233","18983793","<a href=""http://twitter.com/download/iphone"" rel=""nofollow"">Twitter for iPhone</a>","ChrisEvans",3032,FALSE,FALSE,NA,NA,2018-03-26
"32","“When I’m making you happy,”-I’m Real - “when I’m making me happy” - I’m not real -Bet!!!<ed><U+00A0><U+00BE><ed><U+00B4><U+0094> #imHim",FALSE,6304,NA,2018-03-26 01:16:30,FALSE,NA,"978078204136214528",NA,"<a href=""http://twitter.com/download/iphone"" rel=""nofollow"">Twitter for iPhone</a>","iamkevingates",4536,FALSE,FALSE,NA,NA,2018-03-26
"33","<ed><U+00A0><U+00BC><ed><U+00BE><U+0082> Happy birthday to the eldest of the @weareoneEXO clan, Xiumin! #HappyXIUMINDay https://t.co/KKyZVN71zZ",FALSE,25983,NA,2018-03-25 18:58:07,FALSE,NA,"977982981351575553",NA,"<a href=""https://www.sprinklr.com"" rel=""nofollow"">Sprinklr</a>","tumblr",27901,FALSE,FALSE,NA,NA,2018-03-25
"34","I’m not technically an Avenger, but I’d be happy to record a video for the little man and do my best impressions of… https://t.co/Kr9UIWS3lz",FALSE,4477,NA,2018-03-26 00:20:42,TRUE,NA,"978064161350418432",NA,"<a href=""http://tapbots.com/tweetbot"" rel=""nofollow"">Tweetbot for i<U+039F>S</a>","ZacharyLevi",570,FALSE,FALSE,NA,NA,2018-03-26
"35","Why do we feel like dancing? <ed><U+00A0><U+00BD><ed><U+00B2><U+0083><ed><U+00A0><U+00BC><ed><U+00BF><U+00BB> ‘Cause our Hairkada’s turning 22! <ed><U+00A0><U+00BC><ed><U+00BE><U+0089> Happy Birthday, Kathryn! https://t.co/iD46VhtD6b",FALSE,2452,NA,2018-03-26 01:00:21,FALSE,NA,"978074140962734080",NA,"<a href=""https://www.percolate.com"" rel=""nofollow"">Percolate</a>","SunsilkPH",1308,FALSE,FALSE,NA,NA,2018-03-26
"36","An emotional Jeff Walz postgame after team advances to Final Four, here he offers some heartfelt thoughts on the te… https://t.co/oIuOMiwFiK",FALSE,927,NA,2018-03-26 00:48:45,TRUE,NA,"978071220473221120",NA,"<a href=""http://twitter.com/download/iphone"" rel=""nofollow"">Twitter for iPhone</a>","SteffiSorensen",261,FALSE,FALSE,NA,NA,2018-03-26
"37","Well done, #Texas! Im feeling so overwhelmed w emotions right now. Im so happy for her.

But I also feel anger that… https://t.co/aRHFxrGlfg",FALSE,838,NA,2018-03-26 02:09:49,TRUE,NA,"978091623157440512",NA,"<a href=""http://twitter.com"" rel=""nofollow"">Twitter Web Client</a>","ConfessionsExMu",353,FALSE,FALSE,NA,NA,2018-03-26
"38","My hearts racing, literally so excited. I can never express how much you guys mean to me and how happy y’all make m… https://t.co/mWXj3PK1Ld",FALSE,3215,NA,2018-03-26 00:25:56,TRUE,NA,"978065478273953792",NA,"<a href=""http://twitter.com/download/iphone"" rel=""nofollow"">Twitter for iPhone</a>","Lance210",411,FALSE,FALSE,NA,NA,2018-03-26
"39","Happy Birthday to #EXO's Xiumin! #HappyXiuminDay! <ed><U+00A0><U+00BC><ed><U+00BE><U+0089> Catch up with him: https://t.co/kMmR3ODbqV https://t.co/iNJxIyJnyG",FALSE,24242,NA,2018-03-25 15:00:03,FALSE,NA,"977923071762825216",NA,"<a href=""https://studio.twitter.com"" rel=""nofollow"">Media Studio</a>","soompi",21352,FALSE,FALSE,NA,NA,2018-03-25
"40","Take all the love you have for her, Pablo, and give it freely to all that you meet. Your mom will look down upon yo… https://t.co/b33iAGNBuX",FALSE,1769,NA,2018-03-26 01:33:31,TRUE,NA,"978082487938068480",NA,"<a href=""http://twitter.com"" rel=""nofollow"">Twitter Web Client</a>","normmacdonald",277,FALSE,FALSE,NA,NA,2018-03-26
"41","a few notes:

- emo rats play the sims live tomorrow w/ @EvaDeMuro on twitch at 4 PM PST 

- happy 10 years Pretty.… https://t.co/VL7sSjdz4S",FALSE,3764,NA,2018-03-26 01:42:15,TRUE,NA,"978084686059642881",NA,"<a href=""http://twitter.com/download/iphone"" rel=""nofollow"">Twitter for iPhone</a>","CrankThatFrank",495,FALSE,FALSE,NA,NA,2018-03-26
"42","....lawyer or law firm will take months to get up to speed (if for no other reason than they can bill more), which… https://t.co/VNRpirZlPZ",FALSE,77563,NA,2018-03-25 11:49:16,TRUE,NA,"977875057572745216",NA,"<a href=""http://twitter.com/download/iphone"" rel=""nofollow"">Twitter for iPhone</a>","realDonaldTrump",17202,FALSE,FALSE,NA,NA,2018-03-25
"43","Con enorme alegría os presentamos a Alejandro. Ha nacido (el domingo de Ramos <ed><U+00A0><U+00BD><ed><U+00B9><U+0088><ed><U+00A0><U+00BD><ed><U+00B8><U+0089>) a las 18:24h y ha pesado 3,1kg. L… https://t.co/XPNoKRouOz",FALSE,48075,NA,2018-03-25 19:46:45,TRUE,NA,"977995220687228929",NA,"<a href=""http://twitter.com/download/iphone"" rel=""nofollow"">Twitter for iPhone</a>","SergioRamos",8292,FALSE,FALSE,NA,NA,2018-03-25
"44","<ed><U+00A0><U+00BC><ed><U+00BE><U+0089>Happy Birthday<ed><U+00A0><U+00BC><ed><U+00BE><U+0081>3<U+6708>26<U+65E5><U+306F><U+5BAE><U+539F><U+77E5><U+5B50><U+9078><U+624B><U+3001><U+4E8C><U+5341><U+6B73><U+306E><U+8A95><U+751F><U+65E5><ed><U+00A0><U+00BE><ed><U+00B5><U+0082><U+2728>
<U+524D><U+65E5><U+306B><U+4E00><U+8DB3><U+65E9><U+304F><U+304A><U+795D><U+3044><U+3057><U+307E><U+3057><U+305F><ed><U+00A0><U+00BC><ed><U+00BE><U+0082>
<U+4E8C><U+5341><U+6B73><U+306E><U+62B1><U+8CA0><U+306F><U+300C><U+3061><U+3083><U+3093><U+3068><U+3057><U+305F><U+5927><U+4EBA><U+306B><U+306A><U+308A><U+307E><U+3059><U+300D><U+3060><U+305D><U+3046><U+3067><U+3059><U+263A><U+FE0F><U+270C><ed><U+00A0><U+00BC><ed><U+00BF><U+00BB>
4/3<U+306E><U+59CB><U+7403><U+5F0F><U+306E><U+7DF4><U+7FD2><U+3082><U+6020><U+308B><U+3053><U+3068><U+306E><U+306A><U+3044><U+30DE><U+30B8><U+30E1><U+306A><U+5BAE><U+539F><U+9078><U+624B><ed><U+00A0><U+00BD><ed><U+00B8><U+0089>… https://t.co/iFsT9smgeP",FALSE,7277,NA,2018-03-25 22:29:46,TRUE,NA,"978036243840884736",NA,"<a href=""http://twitter.com/download/iphone"" rel=""nofollow"">Twitter for iPhone</a>","online_on_ice",3072,FALSE,FALSE,NA,NA,2018-03-25
"45","honestly the small things in life make me happy",FALSE,6797,NA,2018-03-25 21:14:48,FALSE,NA,"978017378423341056",NA,"<a href=""http://twitter.com/download/iphone"" rel=""nofollow"">Twitter for iPhone</a>","wolfiecindy",2704,FALSE,FALSE,NA,NA,2018-03-25
"46","Been friends forever &amp; happy to stand with you on important days like this! https://t.co/gtb5GnFaDp",FALSE,119822,NA,2018-03-24 20:26:21,FALSE,NA,"977642797443502080",NA,"<a href=""http://twitter.com/download/iphone"" rel=""nofollow"">Twitter for iPhone</a>","MileyCyrus",23521,FALSE,FALSE,NA,NA,2018-03-24
"47","[#Near_by_TWICE] 
Happy Birthday MINA <U+2665>

https://t.co/31awbEkKrq

#HappyMINAday",FALSE,32736,NA,2018-03-24 12:10:05,FALSE,NA,"977517907545554944",NA,"<a href=""http://twitter.com/download/android"" rel=""nofollow"">Twitter for Android</a>","JYPETWICE",7711,FALSE,FALSE,NA,NA,2018-03-24
"48","Happy #NationalPuppyDay to my son Bark Vader https://t.co/JBW4jpxj6k",FALSE,22578,NA,2018-03-24 06:30:19,FALSE,NA,"977432405337239552",NA,"<a href=""http://twitter.com/download/iphone"" rel=""nofollow"">Twitter for iPhone</a>","KhadiDon",4793,FALSE,FALSE,NA,NA,2018-03-24
"49","#MUSICBANKinChile
Thanks Music Bank for giving me the opportunity to be in Chile! This will stay with me as a happy… https://t.co/SLiA5Ni9uY",FALSE,40582,NA,2018-03-25 01:50:59,TRUE,NA,"977724494650494976",NA,"<a href=""http://twitter.com/download/iphone"" rel=""nofollow"">Twitter for iPhone</a>","BOGUMMY",12983,FALSE,FALSE,NA,NA,2018-03-25
"50","Happy Birthday to my bff, homie, lover, friend... the finest thing I've ever seen <ed><U+00A0><U+00BD><ed><U+00B8><U+008D> Welcome to 30 @BigSean !!! I love u forever <ed><U+00A0><U+00BD><ed><U+00B2><U+009A>",FALSE,57205,NA,2018-03-25 07:00:54,FALSE,NA,"977802489897435137",NA,"<a href=""http://twitter.com/download/android"" rel=""nofollow"">Twitter for Android</a>","JheneAiko",9503,FALSE,FALSE,NA,NA,2018-03-25
"51","I wish I could be there but im so happy to see so many people showing up and standing up for what they believe in.… https://t.co/6eIX4UqSt1",FALSE,12677,NA,2018-03-24 21:23:12,TRUE,NA,"977657103010627584",NA,"<a href=""http://twitter.com/download/iphone"" rel=""nofollow"">Twitter for iPhone</a>","DUALIPA",3089,FALSE,FALSE,NA,NA,2018-03-24
"52","happy birthday to this sweet angel. Today I march for you. #marchforourlives #neveragain https://t.co/fc6cfAFImh",FALSE,28742,NA,2018-03-24 11:36:42,FALSE,NA,"977509506228908034",NA,"<a href=""http://twitter.com/download/iphone"" rel=""nofollow"">Twitter for iPhone</a>","longlivekcx",4583,FALSE,FALSE,NA,NA,2018-03-24
"53","I’m so happy I got to share this moment with these two <U+2764><U+FE0F><U+2764><U+FE0F> . I hope North remembers this forever https://t.co/wJRRAvW9tC",FALSE,88549,NA,2018-03-24 19:18:32,FALSE,NA,"977625732376612866",NA,"<a href=""http://twitter.com/download/iphone"" rel=""nofollow"">Twitter for iPhone</a>","KimKardashian",7133,FALSE,FALSE,NA,NA,2018-03-24
"54","Today, choose to be happy.",FALSE,6645,NA,2018-03-25 04:48:40,FALSE,NA,"977769208686682112",NA,"<a href=""http://twitter.com/download/iphone"" rel=""nofollow"">Twitter for iPhone</a>","ohteenquotes",5597,FALSE,FALSE,NA,NA,2018-03-25
"55","Samantha Fuentes was shot in the leg... threw up during her speech, sang her friend happy birthday and finished it… https://t.co/Kb8Fb8z7fG",FALSE,9141,NA,2018-03-24 20:14:38,TRUE,NA,"977639851733520384",NA,"<a href=""http://twitter.com/download/iphone"" rel=""nofollow"">Twitter for iPhone</a>","Lennyjacobson",2291,FALSE,FALSE,NA,NA,2018-03-24
"56","Yoo you guys are beyond talented. Young Kings. I’m happy you vibe with this record. <U+263A><U+FE0F><ed><U+00A0><U+00BD><ed><U+00B4><U+00A5> I’m watching y’all https://t.co/uSYWuT6Kk4",FALSE,10166,NA,2018-03-24 01:37:59,FALSE,NA,"977358834262921216",NA,"<a href=""http://twitter.com/download/iphone"" rel=""nofollow"">Twitter for iPhone</a>","NormaniKordei",2046,FALSE,FALSE,NA,NA,2018-03-24
"57","happy national puppy day. here are some photos of puppies walking on my face and eating my nose. https://t.co/98PCMfuKr2",FALSE,19363,NA,2018-03-24 07:00:23,FALSE,NA,"977439971534544896",NA,"<a href=""http://twitter.com/download/iphone"" rel=""nofollow"">Twitter for iPhone</a>","GUBLERNATION",3469,FALSE,FALSE,NA,NA,2018-03-24
"58","Today is all about the generation coming up. I'm happy to stop talking and listen to what those under 21 are saying… https://t.co/LSw5uYR2JF",FALSE,13727,NA,2018-03-24 15:35:22,TRUE,NA,"977569571258454016",NA,"<a href=""https://mobile.twitter.com"" rel=""nofollow"">Twitter Lite</a>","SethAbramson",3284,FALSE,FALSE,NA,NA,2018-03-24
"59","Happy Birthday #NicholasDworet today we celebrate him and remember not only the 16 others from my school that are w… https://t.co/OSwugsAzRa",FALSE,15205,NA,2018-03-24 12:00:08,TRUE,NA,"977515402975735808",NA,"<a href=""http://twitter.com/download/iphone"" rel=""nofollow"">Twitter for iPhone</a>","al3xw1nd",2717,FALSE,FALSE,NA,NA,2018-03-24
"60","the crowd in DC singing happy birthday Nick, who would have turned 18 today https://t.co/oTlZD77QvP",FALSE,19770,NA,2018-03-24 21:07:45,FALSE,NA,"977653217025806338",NA,"<a href=""http://twitter.com/download/iphone"" rel=""nofollow"">Twitter for iPhone</a>","evilemilie",3689,FALSE,FALSE,NA,NA,2018-03-24
"61","Sending a very special happy birthday to @topicmusictv !!! You’re so crazy talented and such an awesome person. So… https://t.co/EXlAmSVHGU",FALSE,7878,NA,2018-03-24 01:26:51,TRUE,NA,"977356031784230918",NA,"<a href=""http://twitter.com/download/iphone"" rel=""nofollow"">Twitter for iPhone</a>","AllyBrooke",1605,FALSE,FALSE,NA,NA,2018-03-24
"62","Happy to do that. I’ll donate all proceeds and see how else I can raise funds. @KyleKashuv has agreed, hope you wil… https://t.co/WKk5vvdjN9",FALSE,3211,NA,2018-03-24 00:37:19,TRUE,NA,"977343569945018368",NA,"<a href=""http://twitter.com/download/iphone"" rel=""nofollow"">Twitter for iPhone</a>","RubinReport",840,FALSE,FALSE,NA,NA,2018-03-24
"63","I’m happy to endorse my friend and fellow candidate @AntonioSabatoJr for the US House of Representatives. God bless… https://t.co/PVwyVr9iTo",FALSE,1388,NA,2018-03-24 00:15:46,TRUE,NA,"977338145116008449",NA,"<a href=""http://twitter.com/download/iphone"" rel=""nofollow"">Twitter for iPhone</a>","REALStaceyDash",290,FALSE,FALSE,NA,NA,2018-03-24
"64","Happy Birthday Woman.. Hope you have another #RAVISHING year <ed><U+00A0><U+00BC><ed><U+00BD><U+00B0> @LanaWWE https://t.co/DnLC0qb75N",FALSE,8212,NA,2018-03-24 01:03:30,FALSE,NA,"977350157456039941",NA,"<a href=""http://twitter.com/download/iphone"" rel=""nofollow"">Twitter for iPhone</a>","MsCharlotteWWE",745,FALSE,FALSE,NA,NA,2018-03-24
"65","Any friend of Bieber’s is a friend of ours <ed><U+00A0><U+00BD><ed><U+00B8><U+008D> Happy #NationalPuppyDay! https://t.co/3Pclgo5shS",FALSE,2929,NA,2018-03-24 01:00:32,FALSE,NA,"977349411830300678",NA,"<a href=""http://twitter.com"" rel=""nofollow"">Twitter Web Client</a>","lovesimonmovie",459,FALSE,FALSE,NA,NA,2018-03-24
"66","HAPPY https://t.co/we7nrxldmC",FALSE,2373,NA,2018-03-24 00:03:49,FALSE,NA,"977335136755728384",NA,"<a href=""http://instagram.com"" rel=""nofollow"">Instagram</a>","B2stGK",1017,FALSE,FALSE,NA,NA,2018-03-24
"67","Always happy to see my fans @AUC Brought to you by @NayForMedia https://t.co/FvxOZDVE0D",FALSE,2929,NA,2018-03-24 00:16:55,FALSE,NA,"977338435361894400",NA,"<a href=""http://twitter.com/download/iphone"" rel=""nofollow"">Twitter for iPhone</a>","amrdiab",317,FALSE,FALSE,NA,NA,2018-03-24
"68","Happy birthday @kyrasantoro u da bomb dot com<ed><U+00A0><U+00BD><ed><U+00B8><U+009D> oh and hey @bellathorne <ed><U+00A0><U+00BD><ed><U+00B1><U+00BD> https://t.co/lMJUxcSA29",FALSE,3470,NA,2018-03-24 01:24:38,FALSE,NA,"977355474382217216",NA,"<a href=""http://twitter.com/download/iphone"" rel=""nofollow"">Twitter for iPhone</a>","TheMattEspinosa",426,FALSE,FALSE,NA,NA,2018-03-24
"69","happy national puppy head in a basket day https://t.co/fOadPGgUm1",FALSE,3052,NA,2018-03-24 00:28:20,FALSE,NA,"977341309294751744",NA,"<a href=""http://instagram.com"" rel=""nofollow"">Instagram</a>","FrankIero",321,FALSE,FALSE,NA,NA,2018-03-24
"70","Happy birthday to legendary PGs @QCook323 @KyrieIrving!  

<ed><U+00A0><U+00BC><ed><U+00BE><U+0082><ed><U+00A0><U+00BD><ed><U+00B4><U+00B5><ed><U+00A0><U+00BD><ed><U+00B8><U+0088><ed><U+00A0><U+00BC><ed><U+00BE><U+0089> https://t.co/KKvvFLXPwW",FALSE,1384,NA,2018-03-24 00:08:27,FALSE,NA,"977336304726757377",NA,"<a href=""http://twitter.com/download/iphone"" rel=""nofollow"">Twitter for iPhone</a>","DukeMBB",429,FALSE,FALSE,NA,NA,2018-03-24
"71","Happy #NationalPuppyDay (in more ways than one <ed><U+00A0><U+00BD><ed><U+00B0><U+00B6><ed><U+00A0><U+00BD><ed><U+00B8><U+008F>) https://t.co/abYohZTiu6",FALSE,2777,NA,2018-03-24 01:10:32,FALSE,NA,"977351925623676928",NA,"<a href=""http://twitter.com/download/iphone"" rel=""nofollow"">Twitter for iPhone</a>","NoelleFoley",182,FALSE,FALSE,NA,NA,2018-03-24
"72","Many Happy Returns Of The Day, Emraan. May God grant you long life, prosperity and happiness. @emraanhashmi https://t.co/uwuLgPtvQA",FALSE,1160,NA,2018-03-24 00:30:00,FALSE,NA,"977341726170984454",NA,"<a href=""https://studio.twitter.com"" rel=""nofollow"">Media Studio</a>","RajatSharmaLive",179,FALSE,FALSE,NA,NA,2018-03-24
"73","Happy birthday to my friend, my homie aka the #RAVISHING one @LanaWWE “Lana is the beeeest Lana’s number 1” only to… https://t.co/ozXPvOVxTo",FALSE,1915,NA,2018-03-24 00:21:27,TRUE,NA,"977339574392205313",NA,"<a href=""http://twitter.com/download/iphone"" rel=""nofollow"">Twitter for iPhone</a>","NaomiWWE",193,FALSE,FALSE,NA,NA,2018-03-24
"74","Happy birthday North Country Boy https://t.co/1yFazfxDsa released 21 years ago today. We saw the budget for the vid… https://t.co/7uleztgTjt",FALSE,404,NA,2018-03-24 00:24:39,TRUE,NA,"977340380885663750",NA,"<a href=""http://twitter.com/download/iphone"" rel=""nofollow"">Twitter for iPhone</a>","Tim_Burgess",76,FALSE,FALSE,NA,NA,2018-03-24
"75","IM SO HAPPY https://t.co/Jv5ikWHdkY",FALSE,976,NA,2018-03-24 01:16:05,FALSE,NA,"977353326260977664",NA,"<a href=""http://twitter.com/download/iphone"" rel=""nofollow"">Twitter for iPhone</a>","Crunchyroll",203,FALSE,FALSE,NA,NA,2018-03-24
"76","It's an honor to be part of the @KHOU family. Happy anniversary! And here's to another 65 years. https://t.co/LS90zk0B24",FALSE,1190,NA,2018-03-24 00:02:53,FALSE,NA,"977334903355277312",NA,"<a href=""http://twitter.com"" rel=""nofollow"">Twitter Web Client</a>","DanRather",136,FALSE,FALSE,NA,NA,2018-03-24
"77","Why I Stopped Saying Happy Birthday on Facebook (and Why You Might Want To) https://t.co/uQgjiHGtfq",FALSE,41,NA,2018-03-24 00:02:04,FALSE,NA,"977334698358681601",NA,"<a href=""http://www.socialflow.com"" rel=""nofollow"">SocialFlow</a>","Inc",15,FALSE,FALSE,NA,NA,2018-03-24
