"status_id","created_at","user_id","screen_name","text","source","reply_to_status_id","reply_to_user_id","reply_to_screen_name","is_quote","is_retweet","favorite_count","retweet_count","hashtags","symbols","urls_url","urls_t.co","urls_expanded_url","media_url","media_t.co","media_expanded_url","media_type","ext_media_url","ext_media_t.co","ext_media_expanded_url","ext_media_type","mentions_user_id","mentions_screen_name","lang","quoted_status_id","quoted_text","retweet_status_id","retweet_text","place_url","place_name","place_full_name","place_type","country","country_code","geo_coords","coords_coords","bbox_coords"
"x988037292932653056",2018-04-22 12:50:22,"x25073877","realDonaldTrump","Sleepy Eyes Chuck Todd of Fake News NBC just stated that we have given up so much in our negotiations with North Korea, and they have given up nothing. Wow, we haven’t given up anything &amp; they have agreed to denuclearization (so great for World), site closure, &amp; no more testing!","Twitter for iPhone",,,,FALSE,FALSE,72067,19441,,,,,,,,,,,,,,,,"en",,,,,,,,,,,,,
"x988069945761193984",2018-04-22 15:00:07,"x3129056526","JYPETWICE","Happy Birthday CHAEYOUNG

#HappyCHAEYOUNGday https://t.co/3YQOgUhbuz","Twitter Web Client",,,,FALSE,FALSE,51147,28568,"HappyCHAEYOUNGday",,,,,"http://pbs.twimg.com/media/DbZT91WU0AAo5Xs.jpg","https://t.co/3YQOgUhbuz","https://twitter.com/JYPETWICE/status/988069945761193984/photo/1","photo","http://pbs.twimg.com/media/DbZT91WU0AAo5Xs.jpg","https://t.co/3YQOgUhbuz","https://twitter.com/JYPETWICE/status/988069945761193984/photo/1",,,,"en",,,,,,,,,,,,,
"x987704734399188992",2018-04-21 14:48:54,"x169686021","kanyewest","live in love not in fear","Twitter for iPhone",,,,FALSE,FALSE,137671,57891,,,,,,,,,,,,,,,,"en",,,,,,,,,,,,,
"x988057678982283264",2018-04-22 14:11:22,"x34743251","SpaceX","Happy #EarthDay https://t.co/wrkH8zKAK3","Twitter for iPhone",,,,FALSE,FALSE,56740,14541,"EarthDay",,,,,"http://pbs.twimg.com/media/DbZJN2-UwAA53fT.jpg","https://t.co/wrkH8zKAK3","https://twitter.com/SpaceX/status/988057678982283264/photo/1","photo","http://pbs.twimg.com/media/DbZJN2-UwAA53fT.jpg","https://t.co/wrkH8zKAK3","https://twitter.com/SpaceX/status/988057678982283264/photo/1",,,,"en",,,,,,,,,,,,,
"x987768453338673152",2018-04-21 19:02:05,"x25073877","realDonaldTrump","Sylvester Stallone called me with the story of heavyweight boxing champion Jack Johnson. His trials and tribulations were great, his life complex and controversial. Others have looked at this over the years, most thought it would be done, but yes, I am considering a Full Pardon!","Twitter for iPhone",,,,FALSE,FALSE,86760,19070,,,,,,,,,,,,,,,,"en",,,,,,,,,,,,,
"x987699874362675201",2018-04-21 14:29:35,"x169686021","kanyewest","I don't subscribe the term and concept of God fearing.  That's a dated mentality that was used to control people. We are in the future. If God is love and love it's the opposite of fear then...<f0><U+009F><U+00A4><U+0094><f0><U+009F><U+00A4><U+00B7><U+200D><U+2642><U+FE0F> to fear God makes no sense <f0><U+009F><U+00A4><U+00B7><U+200D><U+2642><U+FE0F><f0><U+009F><U+00A4><U+00B7><U+200D><U+2642><U+FE0F><f0><U+009F><U+00A4><U+00B7><U+200D><U+2642><U+FE0F><f0><U+009F><U+00A4><U+00B7><U+200D><U+2642><U+FE0F><f0><U+009F><U+00A4><U+00B7><U+200D><U+2642><U+FE0F>","Twitter for iPhone",,,,FALSE,FALSE,84957,19177,,,,,,,,,,,,,,,,"en",,,,,,,,,,,,,
"x987650547376427008",2018-04-21 11:13:34,"x105119490","NiallOfficial","I love seeing this cities I’m in . Makes the whole touring experience so much better . <f0><U+009F><U+0098><U+0083><f0><U+009F><U+0098><U+0083><f0><U+009F><U+0098><U+0083> very happy","Twitter for iPhone",,,,FALSE,FALSE,97150,20388,,,,,,,,,,,,,,,,"en",,,,,,,,,,,,,
"x987696355341553665",2018-04-21 14:15:36,"x169686021","kanyewest","I love the way Candace Owens thinks","Twitter for iPhone",,,,FALSE,FALSE,71251,18488,,,,,,,,,,,,,,,,"en",,,,,,,,,,,,,
"x987596887753740290",2018-04-21 07:40:21,"x36042554","RoyalFamily","Happy 92nd Birthday to Her Majesty The Queen!
#QueensBirthday #HappyBirthdayHerMajesty https://t.co/6FqHbsJmyN","Twitter for iPhone",,,,FALSE,FALSE,70106,17244,"QueensBirthday HappyBirthdayHerMajesty",,,,,"http://pbs.twimg.com/media/DbSmG1sW4AcBwMM.jpg","https://t.co/6FqHbsJmyN","https://twitter.com/RoyalFamily/status/987596887753740290/photo/1","photo","http://pbs.twimg.com/media/DbSmG1sW4AcBwMM.jpg","https://t.co/6FqHbsJmyN","https://twitter.com/RoyalFamily/status/987596887753740290/photo/1",,,,"en",,,,,,,,,,,,,
"x987768240985296896",2018-04-21 19:01:15,"x755113","ShaunKing","I am told this is the clip that Kanye saw and loved. 

It’s sad actually. For him and for her. 

A market has always and will always exist for men and women like this who say what bigoted white folk love to hear. 

They will always have a seat at somebody’s table. https://t.co/TggV6JtW0I","Twitter for iPhone",,,,TRUE,FALSE,11335,4491,,,"twitter.com/realcandaceo/s…","https://t.co/TggV6JtW0I","https://twitter.com/realcandaceo/status/987450257159077888",,,,,,,,,,,"en","x987450257159077888","Black Lives Matter protesters showed up to my @UCLA event to protest. Here is a video clip of me smacking them down with the truth; they’re a bunch of whiny toddlers, pretending to be oppressed for attention. https://t.co/riBA0A3J1I",,,,,,,,,,,
"x987807283672367104",2018-04-21 21:36:23,"x26053643","jimmykimmel","A yr ago today, God gave us this tough little boy. Today, we thank the nurses &amp; doctors at @CedarsSinai &amp; @ChildrensLA who saved his life &amp; those who shared thoughts &amp; prayers. We cannot stay quiet. Please wish Billy happy birthday by REGISTERING TO VOTE! https://t.co/vp1QTi4h9H https://t.co/DXCalxIs94","Twitter for iPhone",,,,FALSE,FALSE,78487,8068,,,"vote.gov","https://t.co/vp1QTi4h9H","https://vote.gov","http://pbs.twimg.com/media/DbVletXVAAAbec6.jpg","https://t.co/DXCalxIs94","https://twitter.com/jimmykimmel/status/987807283672367104/photo/1","photo","http://pbs.twimg.com/media/DbVletXVAAAbec6.jpg","https://t.co/DXCalxIs94","https://twitter.com/jimmykimmel/status/987807283672367104/photo/1",,"x122514150 23006082","CedarsSinai ChildrensLA","en",,,,,,,,,,,,,
"x988091020272259073",2018-04-22 16:23:51,"x65497475","eugenegu","This is the Waffle House hero, James Shaw Jr. He tackled the shooter and saved so many lives in the process. Thank you James. And thank you TriStar Southern Hills Medical Center for your wonderful doctors and nurses who quickly took care of his injuries. https://t.co/kKORfI24G1","Twitter for iPhone",,,,FALSE,FALSE,22189,7506,,,,,,"http://pbs.twimg.com/media/DbZnirKV4AE5VI9.jpg","https://t.co/kKORfI24G1","https://twitter.com/eugenegu/status/988091020272259073/photo/1","photo","http://pbs.twimg.com/media/DbZnirKV4AE5VI9.jpg","https://t.co/kKORfI24G1","https://twitter.com/eugenegu/status/988091020272259073/photo/1",,,,"en",,,,,,,,,,,,,
"x987563689271324672",2018-04-21 05:28:26,"x739784130","Camila_Cabello","“The greatest thing you'll ever learn is just to love, and be loved in return.""","Twitter for iPhone",,,,FALSE,FALSE,106188,36376,,,,,,,,,,,,,,,,"en",,,,,,,,,,,,,
"x988052411918012417",2018-04-22 13:50:26,"x2521546890","DavidPriess","Each president in this photo did things I disagreed with politically. Quite a lot, in fact, for most of them.

And yet I never doubted that every single one of them acted based on core values, including love of country—not, primarily, love of self. https://t.co/N19fV1zPoD","Twitter for iPhone",,,,FALSE,FALSE,24863,6176,,,,,,"http://pbs.twimg.com/media/DbZEa0HXkAACyvv.jpg","https://t.co/N19fV1zPoD","https://twitter.com/DavidPriess/status/988052411918012417/photo/1","photo","http://pbs.twimg.com/media/DbZEa0HXkAACyvv.jpg","https://t.co/N19fV1zPoD","https://twitter.com/DavidPriess/status/988052411918012417/photo/1",,,,"en",,,,,,,,,,,,,
"x988085556331544576",2018-04-22 16:02:09,"x158314798","LiamPayne","Thank you guys for supporting #Familiar. Love this! <f0><U+009F><U+0099><U+008F> https://t.co/rKDJ1VQ2rF","Twitter Web Client",,,,TRUE,FALSE,27191,7211,"Familiar",,"twitter.com/paperheartsljp…","https://t.co/rKDJ1VQ2rF","https://twitter.com/paperheartsljp/status/988058446921699334",,,,,,,,,,,"en","x988058446921699334","so... i’ve made my hometown #Familiar with THE song of summer 2018!!<f0><U+009F><U+0092><U+0083><f0><U+009F><U+008F><U+00BC><f0><U+009F><U+008E><U+00B6>
 - everyone go download &amp; stream the song to get Liam Payne &amp; J Balvin on their NUMBER 1<U+FE0F><U+20E3> spot!!<f0><U+009F><U+0092><U+009C> 
<f0><U+009F><U+0092><U+00A5> LET‘S DO THIS
@LiamPayne @JBALVIN <f0><U+009F><U+0092><U+00A5> https://t.co/qjhasXxM7U",,,,,,,,,,,
"x988037292932653056",2018-04-22 12:50:22,"x25073877","realDonaldTrump","Sleepy Eyes Chuck Todd of Fake News NBC just stated that we have given up so much in our negotiations with North Korea, and they have given up nothing. Wow, we haven’t given up anything &amp; they have agreed to denuclearization (so great for World), site closure, &amp; no more testing!","Twitter for iPhone",,,,FALSE,FALSE,72067,19442,,,,,,,,,,,,,,,,"en",,,,,,,,,,,,,
"x988069945761193984",2018-04-22 15:00:07,"x3129056526","JYPETWICE","Happy Birthday CHAEYOUNG

#HappyCHAEYOUNGday https://t.co/3YQOgUhbuz","Twitter Web Client",,,,FALSE,FALSE,51147,28568,"HappyCHAEYOUNGday",,,,,"http://pbs.twimg.com/media/DbZT91WU0AAo5Xs.jpg","https://t.co/3YQOgUhbuz","https://twitter.com/JYPETWICE/status/988069945761193984/photo/1","photo","http://pbs.twimg.com/media/DbZT91WU0AAo5Xs.jpg","https://t.co/3YQOgUhbuz","https://twitter.com/JYPETWICE/status/988069945761193984/photo/1",,,,"en",,,,,,,,,,,,,
"x987704734399188992",2018-04-21 14:48:54,"x169686021","kanyewest","live in love not in fear","Twitter for iPhone",,,,FALSE,FALSE,137671,57891,,,,,,,,,,,,,,,,"en",,,,,,,,,,,,,
"x988057678982283264",2018-04-22 14:11:22,"x34743251","SpaceX","Happy #EarthDay https://t.co/wrkH8zKAK3","Twitter for iPhone",,,,FALSE,FALSE,56740,14541,"EarthDay",,,,,"http://pbs.twimg.com/media/DbZJN2-UwAA53fT.jpg","https://t.co/wrkH8zKAK3","https://twitter.com/SpaceX/status/988057678982283264/photo/1","photo","http://pbs.twimg.com/media/DbZJN2-UwAA53fT.jpg","https://t.co/wrkH8zKAK3","https://twitter.com/SpaceX/status/988057678982283264/photo/1",,,,"en",,,,,,,,,,,,,
"x987768453338673152",2018-04-21 19:02:05,"x25073877","realDonaldTrump","Sylvester Stallone called me with the story of heavyweight boxing champion Jack Johnson. His trials and tribulations were great, his life complex and controversial. Others have looked at this over the years, most thought it would be done, but yes, I am considering a Full Pardon!","Twitter for iPhone",,,,FALSE,FALSE,86760,19070,,,,,,,,,,,,,,,,"en",,,,,,,,,,,,,
"x987699874362675201",2018-04-21 14:29:35,"x169686021","kanyewest","I don't subscribe the term and concept of God fearing.  That's a dated mentality that was used to control people. We are in the future. If God is love and love it's the opposite of fear then...<f0><U+009F><U+00A4><U+0094><f0><U+009F><U+00A4><U+00B7><U+200D><U+2642><U+FE0F> to fear God makes no sense <f0><U+009F><U+00A4><U+00B7><U+200D><U+2642><U+FE0F><f0><U+009F><U+00A4><U+00B7><U+200D><U+2642><U+FE0F><f0><U+009F><U+00A4><U+00B7><U+200D><U+2642><U+FE0F><f0><U+009F><U+00A4><U+00B7><U+200D><U+2642><U+FE0F><f0><U+009F><U+00A4><U+00B7><U+200D><U+2642><U+FE0F>","Twitter for iPhone",,,,FALSE,FALSE,84957,19177,,,,,,,,,,,,,,,,"en",,,,,,,,,,,,,
"x987650547376427008",2018-04-21 11:13:34,"x105119490","NiallOfficial","I love seeing this cities I’m in . Makes the whole touring experience so much better . <f0><U+009F><U+0098><U+0083><f0><U+009F><U+0098><U+0083><f0><U+009F><U+0098><U+0083> very happy","Twitter for iPhone",,,,FALSE,FALSE,97150,20388,,,,,,,,,,,,,,,,"en",,,,,,,,,,,,,
"x987696355341553665",2018-04-21 14:15:36,"x169686021","kanyewest","I love the way Candace Owens thinks","Twitter for iPhone",,,,FALSE,FALSE,71251,18488,,,,,,,,,,,,,,,,"en",,,,,,,,,,,,,
"x987596887753740290",2018-04-21 07:40:21,"x36042554","RoyalFamily","Happy 92nd Birthday to Her Majesty The Queen!
#QueensBirthday #HappyBirthdayHerMajesty https://t.co/6FqHbsJmyN","Twitter for iPhone",,,,FALSE,FALSE,70106,17245,"QueensBirthday HappyBirthdayHerMajesty",,,,,"http://pbs.twimg.com/media/DbSmG1sW4AcBwMM.jpg","https://t.co/6FqHbsJmyN","https://twitter.com/RoyalFamily/status/987596887753740290/photo/1","photo","http://pbs.twimg.com/media/DbSmG1sW4AcBwMM.jpg","https://t.co/6FqHbsJmyN","https://twitter.com/RoyalFamily/status/987596887753740290/photo/1",,,,"en",,,,,,,,,,,,,
"x987768240985296896",2018-04-21 19:01:15,"x755113","ShaunKing","I am told this is the clip that Kanye saw and loved. 

It’s sad actually. For him and for her. 

A market has always and will always exist for men and women like this who say what bigoted white folk love to hear. 

They will always have a seat at somebody’s table. https://t.co/TggV6JtW0I","Twitter for iPhone",,,,TRUE,FALSE,11335,4491,,,"twitter.com/realcandaceo/s…","https://t.co/TggV6JtW0I","https://twitter.com/realcandaceo/status/987450257159077888",,,,,,,,,,,"en","x987450257159077888","Black Lives Matter protesters showed up to my @UCLA event to protest. Here is a video clip of me smacking them down with the truth; they’re a bunch of whiny toddlers, pretending to be oppressed for attention. https://t.co/riBA0A3J1I",,,,,,,,,,,
"x987807283672367104",2018-04-21 21:36:23,"x26053643","jimmykimmel","A yr ago today, God gave us this tough little boy. Today, we thank the nurses &amp; doctors at @CedarsSinai &amp; @ChildrensLA who saved his life &amp; those who shared thoughts &amp; prayers. We cannot stay quiet. Please wish Billy happy birthday by REGISTERING TO VOTE! https://t.co/vp1QTi4h9H https://t.co/DXCalxIs94","Twitter for iPhone",,,,FALSE,FALSE,78487,8068,,,"vote.gov","https://t.co/vp1QTi4h9H","https://vote.gov","http://pbs.twimg.com/media/DbVletXVAAAbec6.jpg","https://t.co/DXCalxIs94","https://twitter.com/jimmykimmel/status/987807283672367104/photo/1","photo","http://pbs.twimg.com/media/DbVletXVAAAbec6.jpg","https://t.co/DXCalxIs94","https://twitter.com/jimmykimmel/status/987807283672367104/photo/1",,"x122514150 23006082","CedarsSinai ChildrensLA","en",,,,,,,,,,,,,
"x987563689271324672",2018-04-21 05:28:26,"x739784130","Camila_Cabello","“The greatest thing you'll ever learn is just to love, and be loved in return.""","Twitter for iPhone",,,,FALSE,FALSE,106188,36376,,,,,,,,,,,,,,,,"en",,,,,,,,,,,,,
"x988052411918012417",2018-04-22 13:50:26,"x2521546890","DavidPriess","Each president in this photo did things I disagreed with politically. Quite a lot, in fact, for most of them.

And yet I never doubted that every single one of them acted based on core values, including love of country—not, primarily, love of self. https://t.co/N19fV1zPoD","Twitter for iPhone",,,,FALSE,FALSE,24864,6176,,,,,,"http://pbs.twimg.com/media/DbZEa0HXkAACyvv.jpg","https://t.co/N19fV1zPoD","https://twitter.com/DavidPriess/status/988052411918012417/photo/1","photo","http://pbs.twimg.com/media/DbZEa0HXkAACyvv.jpg","https://t.co/N19fV1zPoD","https://twitter.com/DavidPriess/status/988052411918012417/photo/1",,,,"en",,,,,,,,,,,,,
"x987718694754234368",2018-04-21 15:44:22,"x761503952","Hegazi","Great team effort today! Happy to see my brother @22mosalah after a tough game <f0><U+009F><U+0092><U+00AA><U+2764><f0><U+009F><U+0087><U+00AA><f0><U+009F><U+0087><U+00AC> #WBA #Egypt <U+2764><U+FE0F><U+2764><U+FE0F> https://t.co/gnCVF4C3kr","Twitter for iPhone",,,,FALSE,FALSE,52021,6209,"WBA Egypt",,,,,"http://pbs.twimg.com/media/DbUU4YsXcAAxXaF.jpg","https://t.co/gnCVF4C3kr","https://twitter.com/Hegazi/status/987718694754234368/photo/1","photo","http://pbs.twimg.com/media/DbUU4YsXcAAxXaF.jpg","https://t.co/gnCVF4C3kr","https://twitter.com/Hegazi/status/987718694754234368/photo/1",,"x2396677714","22mosalah","en",,,,,,,,,,,,,
"x987704734399188992",2018-04-21 14:48:54,"x169686021","kanyewest","live in love not in fear","Twitter for iPhone",,,,FALSE,FALSE,137671,57891,,,,,,,,,,,,,,,,"en",,,,,,,,,,,,,
"x987699874362675201",2018-04-21 14:29:35,"x169686021","kanyewest","I don't subscribe the term and concept of God fearing.  That's a dated mentality that was used to control people. We are in the future. If God is love and love it's the opposite of fear then...<f0><U+009F><U+00A4><U+0094><f0><U+009F><U+00A4><U+00B7><U+200D><U+2642><U+FE0F> to fear God makes no sense <f0><U+009F><U+00A4><U+00B7><U+200D><U+2642><U+FE0F><f0><U+009F><U+00A4><U+00B7><U+200D><U+2642><U+FE0F><f0><U+009F><U+00A4><U+00B7><U+200D><U+2642><U+FE0F><f0><U+009F><U+00A4><U+00B7><U+200D><U+2642><U+FE0F><f0><U+009F><U+00A4><U+00B7><U+200D><U+2642><U+FE0F>","Twitter for iPhone",,,,FALSE,FALSE,84957,19177,,,,,,,,,,,,,,,,"en",,,,,,,,,,,,,
"x987650547376427008",2018-04-21 11:13:34,"x105119490","NiallOfficial","I love seeing this cities I’m in . Makes the whole touring experience so much better . <f0><U+009F><U+0098><U+0083><f0><U+009F><U+0098><U+0083><f0><U+009F><U+0098><U+0083> very happy","Twitter for iPhone",,,,FALSE,FALSE,97150,20388,,,,,,,,,,,,,,,,"en",,,,,,,,,,,,,
"x987696355341553665",2018-04-21 14:15:36,"x169686021","kanyewest","I love the way Candace Owens thinks","Twitter for iPhone",,,,FALSE,FALSE,71251,18488,,,,,,,,,,,,,,,,"en",,,,,,,,,,,,,
"x987596887753740290",2018-04-21 07:40:21,"x36042554","RoyalFamily","Happy 92nd Birthday to Her Majesty The Queen!
#QueensBirthday #HappyBirthdayHerMajesty https://t.co/6FqHbsJmyN","Twitter for iPhone",,,,FALSE,FALSE,70106,17245,"QueensBirthday HappyBirthdayHerMajesty",,,,,"http://pbs.twimg.com/media/DbSmG1sW4AcBwMM.jpg","https://t.co/6FqHbsJmyN","https://twitter.com/RoyalFamily/status/987596887753740290/photo/1","photo","http://pbs.twimg.com/media/DbSmG1sW4AcBwMM.jpg","https://t.co/6FqHbsJmyN","https://twitter.com/RoyalFamily/status/987596887753740290/photo/1",,,,"en",,,,,,,,,,,,,
"x987563689271324672",2018-04-21 05:28:26,"x739784130","Camila_Cabello","“The greatest thing you'll ever learn is just to love, and be loved in return.""","Twitter for iPhone",,,,FALSE,FALSE,106188,36376,,,,,,,,,,,,,,,,"en",,,,,,,,,,,,,
"x987463564305797126",2018-04-20 22:50:34,"x25073877","realDonaldTrump","North Korea has agreed to suspend all Nuclear Tests and close up a major test site. This is very good news for North Korea and the World - big progress! Look forward to our Summit.","Twitter for iPhone",,,,FALSE,FALSE,180975,46502,,,,,,,,,,,,,,,,"en",,,,,,,,,,,,,
"x987677372471218177",2018-04-21 13:00:10,"x23603092","etnow","New @BTS_twt music is on its way! The K-pop group announced their new album ‘LOVE YOURSELF: Tear’. https://t.co/zYuo9icUGL https://t.co/wdGzMERqYt","trueAnthem",,,,FALSE,FALSE,30419,10987,,,"et.tv/2K3kRyJ","https://t.co/zYuo9icUGL","https://et.tv/2K3kRyJ","http://pbs.twimg.com/media/DbTvVXUVwAAlQA7.jpg","https://t.co/wdGzMERqYt","https://twitter.com/etnow/status/987677372471218177/photo/1","photo","http://pbs.twimg.com/media/DbTvVXUVwAAlQA7.jpg","https://t.co/wdGzMERqYt","https://twitter.com/etnow/status/987677372471218177/photo/1",,"x335141638","BTS_twt","en",,,,,,,,,,,,,
"x987703755159191553",2018-04-21 14:45:00,"x46116615","iHeartRadio","V. patiently waiting for @BTS_twt's #LoveYourself coming out this May: https://t.co/zr7PXQnDwa <f0><U+009F><U+0099><U+008C><f0><U+009F><U+008F><U+00BB> https://t.co/lsZic9FUsd","TweetDeck",,,,FALSE,FALSE,26473,10496,"LoveYourself",,"ihr.fm/2vm6GS7","https://t.co/zr7PXQnDwa","http://ihr.fm/2vm6GS7","http://pbs.twimg.com/media/DbQB6tyX4AAkJBq.jpg","https://t.co/lsZic9FUsd","https://twitter.com/iHeartRadio/status/987703755159191553/photo/1","photo","http://pbs.twimg.com/media/DbQB6tyX4AAkJBq.jpg","https://t.co/lsZic9FUsd","https://twitter.com/iHeartRadio/status/987703755159191553/photo/1",,"x335141638","BTS_twt","en",,,,,,,,,,,,,
"x987523288279613440",2018-04-21 02:47:53,"x59338142","QldPolice","SUCH A GOOD BOY, MAX! He stayed with his 3-year-old human who was lost near Warwick last night while we frantically searched for her. For keeping her safe, you're now an honorary police dog. <f0><U+009F><U+0090><U+00B6>https://t.co/QiszGFP4gg via @ABCNews https://t.co/xxRc6ndeaK","Twitter Web Client",,,,FALSE,FALSE,63563,16489,,,"abc.net.au/news/2018-04-2…","https://t.co/QiszGFP4gg","http://www.abc.net.au/news/2018-04-21/max-blue-heeler-leads-rescuers-to-missing-girl-night-in-bush/9683494","http://pbs.twimg.com/media/DbRi13QU8AE6TtQ.jpg","https://t.co/xxRc6ndeaK","https://twitter.com/QldPolice/status/987523288279613440/photo/1","photo","http://pbs.twimg.com/media/DbRi13QU8AE6TtQ.jpg http://pbs.twimg.com/media/DbRi1z-V4AArZsv.jpg","https://t.co/xxRc6ndeaK https://t.co/xxRc6ndeaK","https://twitter.com/QldPolice/status/987523288279613440/photo/1 https://twitter.com/QldPolice/status/987523288279613440/photo/1",,"x2768501","abcnews","en",,,,,,,,,,,,,
"x987679850545778689",2018-04-21 13:10:01,"x25073877","realDonaldTrump","....non-existent “sources” and a drunk/drugged up loser who hates Michael, a fine person with a wonderful family. Michael is a businessman for his own account/lawyer who I have always liked &amp; respected. Most people will flip if the Government lets them out of trouble, even if....","Twitter for iPhone","x987679848284999680","x25073877","realDonaldTrump",FALSE,FALSE,43918,10052,,,,,,,,,,,,,,,,"en",,,,,,,,,,,,,
"x987570453458890752",2018-04-21 05:55:18,"x439125710","Ashton5SOS","Calum and I just walked past the venue we are playing at tomorrow and it’s nearly 1 am. Some wonderful woman were waiting already to see us, sleeping bags and all. I can’t express how much I feel after seeing this. Thank you for everything <f0><U+009F><U+008C><U+00B9><U+2764><U+FE0F>","Twitter for iPhone",,,,FALSE,FALSE,66359,13751,,,,,,,,,,,,,,,,"en",,,,,"https://api.twitter.com/1.1/geo/id/1c69a67ad480e1b1.json","Houston","Houston, TX","city","United States","US",,,"-95.823268 -95.069705 -95.069705 -95.823268 29.522325 29.522325 30.1546646 30.1546646"
"x987470932989050881",2018-04-20 23:19:51,"x25073877","realDonaldTrump","Just heard the Campaign was sued by the Obstructionist Democrats. This can be good news in that we will now counter for the DNC Server that they refused to give to the FBI, the Debbie Wasserman Schultz Servers and Documents held by the Pakistani mystery man and Clinton Emails.","Twitter for iPhone",,,,FALSE,FALSE,106151,30743,,,,,,,,,,,,,,,,"en",,,,,,,,,,,,,
"x987564729982894080",2018-04-21 05:32:34,"x125103240","AlexErnst","happy 4/20 from our family to yours https://t.co/Y2yeXIjABa","Twitter for iPhone",,,,FALSE,FALSE,112556,12732,,,,,,"http://pbs.twimg.com/media/DbSI4Y-U0AAVu-Z.jpg","https://t.co/Y2yeXIjABa","https://twitter.com/AlexErnst/status/987564729982894080/photo/1","photo","http://pbs.twimg.com/media/DbSI4Y-U0AAVu-Z.jpg","https://t.co/Y2yeXIjABa","https://twitter.com/AlexErnst/status/987564729982894080/photo/1",,,,"en",,,,,,,,,,,,,
"x987694003465302016",2018-04-21 14:06:15,"x129786468","urstrulyMahesh","Feeling blessed ... Glad I fulfilled the promise of making all of you proud. Thank you @sivakoratala sir for Bharat Ane Nenu. The Success of the film is a victory for all of us and for good cinema above all. Congratulations to my entire team. <f0><U+009F><U+0098><U+008A><f0><U+009F><U+0098><U+008A>","Twitter Web Client",,,,FALSE,FALSE,40213,6835,,,,,,,,,,,,,,"x149093702","sivakoratala","en",,,,,,,,,,,,,
"x987650547376427008",2018-04-21 11:13:34,"x105119490","NiallOfficial","I love seeing this cities I’m in . Makes the whole touring experience so much better . <f0><U+009F><U+0098><U+0083><f0><U+009F><U+0098><U+0083><f0><U+009F><U+0098><U+0083> very happy","Twitter for iPhone",,,,FALSE,FALSE,97150,20388,,,,,,,,,,,,,,,,"en",,,,,,,,,,,,,
"x987596887753740290",2018-04-21 07:40:21,"x36042554","RoyalFamily","Happy 92nd Birthday to Her Majesty The Queen!
#QueensBirthday #HappyBirthdayHerMajesty https://t.co/6FqHbsJmyN","Twitter for iPhone",,,,FALSE,FALSE,70106,17245,"QueensBirthday HappyBirthdayHerMajesty",,,,,"http://pbs.twimg.com/media/DbSmG1sW4AcBwMM.jpg","https://t.co/6FqHbsJmyN","https://twitter.com/RoyalFamily/status/987596887753740290/photo/1","photo","http://pbs.twimg.com/media/DbSmG1sW4AcBwMM.jpg","https://t.co/6FqHbsJmyN","https://twitter.com/RoyalFamily/status/987596887753740290/photo/1",,,,"en",,,,,,,,,,,,,
"x987563689271324672",2018-04-21 05:28:26,"x739784130","Camila_Cabello","“The greatest thing you'll ever learn is just to love, and be loved in return.""","Twitter for iPhone",,,,FALSE,FALSE,106188,36376,,,,,,,,,,,,,,,,"en",,,,,,,,,,,,,
"x987463564305797126",2018-04-20 22:50:34,"x25073877","realDonaldTrump","North Korea has agreed to suspend all Nuclear Tests and close up a major test site. This is very good news for North Korea and the World - big progress! Look forward to our Summit.","Twitter for iPhone",,,,FALSE,FALSE,180975,46502,,,,,,,,,,,,,,,,"en",,,,,,,,,,,,,
"x987677372471218177",2018-04-21 13:00:10,"x23603092","etnow","New @BTS_twt music is on its way! The K-pop group announced their new album ‘LOVE YOURSELF: Tear’. https://t.co/zYuo9icUGL https://t.co/wdGzMERqYt","trueAnthem",,,,FALSE,FALSE,30419,10987,,,"et.tv/2K3kRyJ","https://t.co/zYuo9icUGL","https://et.tv/2K3kRyJ","http://pbs.twimg.com/media/DbTvVXUVwAAlQA7.jpg","https://t.co/wdGzMERqYt","https://twitter.com/etnow/status/987677372471218177/photo/1","photo","http://pbs.twimg.com/media/DbTvVXUVwAAlQA7.jpg","https://t.co/wdGzMERqYt","https://twitter.com/etnow/status/987677372471218177/photo/1",,"x335141638","BTS_twt","en",,,,,,,,,,,,,
"x987523288279613440",2018-04-21 02:47:53,"x59338142","QldPolice","SUCH A GOOD BOY, MAX! He stayed with his 3-year-old human who was lost near Warwick last night while we frantically searched for her. For keeping her safe, you're now an honorary police dog. <f0><U+009F><U+0090><U+00B6>https://t.co/QiszGFP4gg via @ABCNews https://t.co/xxRc6ndeaK","Twitter Web Client",,,,FALSE,FALSE,63563,16489,,,"abc.net.au/news/2018-04-2…","https://t.co/QiszGFP4gg","http://www.abc.net.au/news/2018-04-21/max-blue-heeler-leads-rescuers-to-missing-girl-night-in-bush/9683494","http://pbs.twimg.com/media/DbRi13QU8AE6TtQ.jpg","https://t.co/xxRc6ndeaK","https://twitter.com/QldPolice/status/987523288279613440/photo/1","photo","http://pbs.twimg.com/media/DbRi13QU8AE6TtQ.jpg http://pbs.twimg.com/media/DbRi1z-V4AArZsv.jpg","https://t.co/xxRc6ndeaK https://t.co/xxRc6ndeaK","https://twitter.com/QldPolice/status/987523288279613440/photo/1 https://twitter.com/QldPolice/status/987523288279613440/photo/1",,"x2768501","abcnews","en",,,,,,,,,,,,,
"x987679850545778689",2018-04-21 13:10:01,"x25073877","realDonaldTrump","....non-existent “sources” and a drunk/drugged up loser who hates Michael, a fine person with a wonderful family. Michael is a businessman for his own account/lawyer who I have always liked &amp; respected. Most people will flip if the Government lets them out of trouble, even if....","Twitter for iPhone","x987679848284999680","x25073877","realDonaldTrump",FALSE,FALSE,43918,10052,,,,,,,,,,,,,,,,"en",,,,,,,,,,,,,
"x987570453458890752",2018-04-21 05:55:18,"x439125710","Ashton5SOS","Calum and I just walked past the venue we are playing at tomorrow and it’s nearly 1 am. Some wonderful woman were waiting already to see us, sleeping bags and all. I can’t express how much I feel after seeing this. Thank you for everything <f0><U+009F><U+008C><U+00B9><U+2764><U+FE0F>","Twitter for iPhone",,,,FALSE,FALSE,66359,13751,,,,,,,,,,,,,,,,"en",,,,,"https://api.twitter.com/1.1/geo/id/1c69a67ad480e1b1.json","Houston","Houston, TX","city","United States","US",,,"-95.823268 -95.069705 -95.069705 -95.823268 29.522325 29.522325 30.1546646 30.1546646"
"x987470932989050881",2018-04-20 23:19:51,"x25073877","realDonaldTrump","Just heard the Campaign was sued by the Obstructionist Democrats. This can be good news in that we will now counter for the DNC Server that they refused to give to the FBI, the Debbie Wasserman Schultz Servers and Documents held by the Pakistani mystery man and Clinton Emails.","Twitter for iPhone",,,,FALSE,FALSE,106151,30743,,,,,,,,,,,,,,,,"en",,,,,,,,,,,,,
"x987564729982894080",2018-04-21 05:32:34,"x125103240","AlexErnst","happy 4/20 from our family to yours https://t.co/Y2yeXIjABa","Twitter for iPhone",,,,FALSE,FALSE,112556,12732,,,,,,"http://pbs.twimg.com/media/DbSI4Y-U0AAVu-Z.jpg","https://t.co/Y2yeXIjABa","https://twitter.com/AlexErnst/status/987564729982894080/photo/1","photo","http://pbs.twimg.com/media/DbSI4Y-U0AAVu-Z.jpg","https://t.co/Y2yeXIjABa","https://twitter.com/AlexErnst/status/987564729982894080/photo/1",,,,"en",,,,,,,,,,,,,
"x987687032439717889",2018-04-21 13:38:33,"x251918778","MichaelAvenatti","My Dear Friend: Don’t you remember how I demeaned you to others and made you look like a fool? How I always over-charged you for the real estate? How I never defended you? How I abandoned you when I won and blew you off? Now that is true love Michael, and you know it!  Now shush.","Twitter Web Client",,,,FALSE,FALSE,27459,6309,,,,,,,,,,,,,,,,"en",,,,,,,,,,,,,
"x987664143724498944",2018-04-21 12:07:36,"x152902472","shfly3424","Your enthusiasm and support were awesome <f0><U+009F><U+0087><U+00A6><f0><U+009F><U+0087><U+00B7> #ELF #Argentina https://t.co/GQuLTIZoTH","Twitter for iPhone",,,,FALSE,FALSE,20855,8005,"ELF Argentina",,,,,"http://pbs.twimg.com/media/DbTjSfpW0AAE87w.jpg","https://t.co/GQuLTIZoTH","https://twitter.com/shfly3424/status/987664143724498944/photo/1","photo","http://pbs.twimg.com/media/DbTjSfpW0AAE87w.jpg http://pbs.twimg.com/media/DbTjSfsXkAASNuU.jpg","https://t.co/GQuLTIZoTH https://t.co/GQuLTIZoTH","https://twitter.com/shfly3424/status/987664143724498944/photo/1 https://twitter.com/shfly3424/status/987664143724498944/photo/1",,,,"en",,,,,,,,,,,,,
"x987592047782715392",2018-04-21 07:21:07,"x16548023","9GAG","You can't make somebody love you... You can only stalk them and hope for the best.","Buffer",,,,FALSE,FALSE,16699,7518,,,,,,,,,,,,,,,,"en",,,,,,,,,,,,,
"x987651659860869120",2018-04-21 11:18:00,"x293932241","AlyssaValdez2","Love you, girls!! <f0><U+009F><U+0092><U+0099>","Twitter for iPhone",,,,FALSE,FALSE,32176,7067,,,,,,,,,,,,,,,,"en",,,,,,,,,,,,,
"x987650547376427008",2018-04-21 11:13:34,"x105119490","NiallOfficial","I love seeing this cities I’m in . Makes the whole touring experience so much better . <f0><U+009F><U+0098><U+0083><f0><U+009F><U+0098><U+0083><f0><U+009F><U+0098><U+0083> very happy","Twitter for iPhone",,,,FALSE,FALSE,97150,20388,,,,,,,,,,,,,,,,"en",,,,,,,,,,,,,
"x987596887753740290",2018-04-21 07:40:21,"x36042554","RoyalFamily","Happy 92nd Birthday to Her Majesty The Queen!
#QueensBirthday #HappyBirthdayHerMajesty https://t.co/6FqHbsJmyN","Twitter for iPhone",,,,FALSE,FALSE,70107,17245,"QueensBirthday HappyBirthdayHerMajesty",,,,,"http://pbs.twimg.com/media/DbSmG1sW4AcBwMM.jpg","https://t.co/6FqHbsJmyN","https://twitter.com/RoyalFamily/status/987596887753740290/photo/1","photo","http://pbs.twimg.com/media/DbSmG1sW4AcBwMM.jpg","https://t.co/6FqHbsJmyN","https://twitter.com/RoyalFamily/status/987596887753740290/photo/1",,,,"en",,,,,,,,,,,,,
"x987563689271324672",2018-04-21 05:28:26,"x739784130","Camila_Cabello","“The greatest thing you'll ever learn is just to love, and be loved in return.""","Twitter for iPhone",,,,FALSE,FALSE,106188,36376,,,,,,,,,,,,,,,,"en",,,,,,,,,,,,,
"x987463564305797126",2018-04-20 22:50:34,"x25073877","realDonaldTrump","North Korea has agreed to suspend all Nuclear Tests and close up a major test site. This is very good news for North Korea and the World - big progress! Look forward to our Summit.","Twitter for iPhone",,,,FALSE,FALSE,180975,46502,,,,,,,,,,,,,,,,"en",,,,,,,,,,,,,
"x987523288279613440",2018-04-21 02:47:53,"x59338142","QldPolice","SUCH A GOOD BOY, MAX! He stayed with his 3-year-old human who was lost near Warwick last night while we frantically searched for her. For keeping her safe, you're now an honorary police dog. <f0><U+009F><U+0090><U+00B6>https://t.co/QiszGFP4gg via @ABCNews https://t.co/xxRc6ndeaK","Twitter Web Client",,,,FALSE,FALSE,63563,16489,,,"abc.net.au/news/2018-04-2…","https://t.co/QiszGFP4gg","http://www.abc.net.au/news/2018-04-21/max-blue-heeler-leads-rescuers-to-missing-girl-night-in-bush/9683494","http://pbs.twimg.com/media/DbRi13QU8AE6TtQ.jpg","https://t.co/xxRc6ndeaK","https://twitter.com/QldPolice/status/987523288279613440/photo/1","photo","http://pbs.twimg.com/media/DbRi13QU8AE6TtQ.jpg http://pbs.twimg.com/media/DbRi1z-V4AArZsv.jpg","https://t.co/xxRc6ndeaK https://t.co/xxRc6ndeaK","https://twitter.com/QldPolice/status/987523288279613440/photo/1 https://twitter.com/QldPolice/status/987523288279613440/photo/1",,"x2768501","abcnews","en",,,,,,,,,,,,,
"x987570453458890752",2018-04-21 05:55:18,"x439125710","Ashton5SOS","Calum and I just walked past the venue we are playing at tomorrow and it’s nearly 1 am. Some wonderful woman were waiting already to see us, sleeping bags and all. I can’t express how much I feel after seeing this. Thank you for everything <f0><U+009F><U+008C><U+00B9><U+2764><U+FE0F>","Twitter for iPhone",,,,FALSE,FALSE,66359,13751,,,,,,,,,,,,,,,,"en",,,,,"https://api.twitter.com/1.1/geo/id/1c69a67ad480e1b1.json","Houston","Houston, TX","city","United States","US",,,"-95.823268 -95.069705 -95.069705 -95.823268 29.522325 29.522325 30.1546646 30.1546646"
"x987470932989050881",2018-04-20 23:19:51,"x25073877","realDonaldTrump","Just heard the Campaign was sued by the Obstructionist Democrats. This can be good news in that we will now counter for the DNC Server that they refused to give to the FBI, the Debbie Wasserman Schultz Servers and Documents held by the Pakistani mystery man and Clinton Emails.","Twitter for iPhone",,,,FALSE,FALSE,106151,30743,,,,,,,,,,,,,,,,"en",,,,,,,,,,,,,
"x987564729982894080",2018-04-21 05:32:34,"x125103240","AlexErnst","happy 4/20 from our family to yours https://t.co/Y2yeXIjABa","Twitter for iPhone",,,,FALSE,FALSE,112556,12732,,,,,,"http://pbs.twimg.com/media/DbSI4Y-U0AAVu-Z.jpg","https://t.co/Y2yeXIjABa","https://twitter.com/AlexErnst/status/987564729982894080/photo/1","photo","http://pbs.twimg.com/media/DbSI4Y-U0AAVu-Z.jpg","https://t.co/Y2yeXIjABa","https://twitter.com/AlexErnst/status/987564729982894080/photo/1",,,,"en",,,,,,,,,,,,,
"x987592047782715392",2018-04-21 07:21:07,"x16548023","9GAG","You can't make somebody love you... You can only stalk them and hope for the best.","Buffer",,,,FALSE,FALSE,16699,7518,,,,,,,,,,,,,,,,"en",,,,,,,,,,,,,
"x987559961147326471",2018-04-21 05:13:37,"x1209516660","lildickytweets","J cole is amazing","Twitter for iPhone",,,,FALSE,FALSE,23000,4329,,,,,,,,,,,,,,,,"en",,,,,,,,,,,,,
"x987462423778078720",2018-04-20 22:46:02,"x71273952","danagould","The economy is doing great. 

Just because your car is now a taxi cab, your house is a motel and all the new restaurants are in the back of trucks...

Just know it’s doing great for someone. 

Here, have a hat with a slogan on it.","Twitter for iPhone",,,,FALSE,FALSE,40559,10619,,,,,,,,,,,,,,,,"en",,,,,,,,,,,,,
"x987498027505008640",2018-04-21 01:07:31,"x92860137","richthekid","Do whatever makes you happy","Twitter for iPhone",,,,FALSE,FALSE,18192,11401,,,,,,,,,,,,,,,,"en",,,,,"https://api.twitter.com/1.1/geo/id/5c62ffb0f0f3479d.json","Phoenix","Phoenix, AZ","city","United States","US",,,"-112.3239143 -111.9254391 -111.9254391 -112.3239143 33.29026 33.29026 33.8154652 33.8154652"
"x987454233862705152",2018-04-20 22:13:30,"x16589206","wikileaks","The Democrats are suing @WikiLeaks and @JulianAssange for revealing how the DNC rigged the Democratic primaries. Help us counter-sue. We've never lost a publishing case and discovery is going to be amazing fun:
https://t.co/E1QbYJL4bB

More options:
https://t.co/MsNZhrTzTL https://t.co/VbPp7FTNq3","Twitter Web Client",,,,FALSE,FALSE,14002,9624,,,"iamwikileaks.org/donate/ shop.wikileaks.org/donate","https://t.co/E1QbYJL4bB https://t.co/MsNZhrTzTL","https://www.iamwikileaks.org/donate/ https://shop.wikileaks.org/donate","http://pbs.twimg.com/media/DbQiCWCX4AAoYHc.jpg","https://t.co/VbPp7FTNq3","https://twitter.com/wikileaks/status/987454233862705152/photo/1","photo","http://pbs.twimg.com/media/DbQiCWCX4AAoYHc.jpg","https://t.co/VbPp7FTNq3","https://twitter.com/wikileaks/status/987454233862705152/photo/1",,"x16589206 388983706","wikileaks JulianAssange","en",,,,,,,,,,,,,
"x987620940552069121",2018-04-21 09:15:55,"x2257546388","DrJoeAbah","EUREKA! I’ve finally worked out this relationships thing. The man wants peace. The woman wants love. If the woman gives the man peace, he’ll give her love. If the man gives the woman love, she’ll give him peace. It’s not that hard really. Who wants to go first? <f0><U+009F><U+0098><U+008E>","Twitter for iPhone",,,,FALSE,FALSE,3279,2823,,,,,,,,,,,,,,,,"en",,,,,,,,,,,,,
"x987596887753740290",2018-04-21 07:40:21,"x36042554","RoyalFamily","Happy 92nd Birthday to Her Majesty The Queen!
#QueensBirthday #HappyBirthdayHerMajesty https://t.co/6FqHbsJmyN","Twitter for iPhone",,,,FALSE,FALSE,70107,17245,"QueensBirthday HappyBirthdayHerMajesty",,,,,"http://pbs.twimg.com/media/DbSmG1sW4AcBwMM.jpg","https://t.co/6FqHbsJmyN","https://twitter.com/RoyalFamily/status/987596887753740290/photo/1","photo","http://pbs.twimg.com/media/DbSmG1sW4AcBwMM.jpg","https://t.co/6FqHbsJmyN","https://twitter.com/RoyalFamily/status/987596887753740290/photo/1",,,,"en",,,,,,,,,,,,,
"x987563689271324672",2018-04-21 05:28:26,"x739784130","Camila_Cabello","“The greatest thing you'll ever learn is just to love, and be loved in return.""","Twitter for iPhone",,,,FALSE,FALSE,106188,36376,,,,,,,,,,,,,,,,"en",,,,,,,,,,,,,
"x987463564305797126",2018-04-20 22:50:34,"x25073877","realDonaldTrump","North Korea has agreed to suspend all Nuclear Tests and close up a major test site. This is very good news for North Korea and the World - big progress! Look forward to our Summit.","Twitter for iPhone",,,,FALSE,FALSE,180975,46502,,,,,,,,,,,,,,,,"en",,,,,,,,,,,,,
"x987523288279613440",2018-04-21 02:47:53,"x59338142","QldPolice","SUCH A GOOD BOY, MAX! He stayed with his 3-year-old human who was lost near Warwick last night while we frantically searched for her. For keeping her safe, you're now an honorary police dog. <f0><U+009F><U+0090><U+00B6>https://t.co/QiszGFP4gg via @ABCNews https://t.co/xxRc6ndeaK","Twitter Web Client",,,,FALSE,FALSE,63563,16489,,,"abc.net.au/news/2018-04-2…","https://t.co/QiszGFP4gg","http://www.abc.net.au/news/2018-04-21/max-blue-heeler-leads-rescuers-to-missing-girl-night-in-bush/9683494","http://pbs.twimg.com/media/DbRi13QU8AE6TtQ.jpg","https://t.co/xxRc6ndeaK","https://twitter.com/QldPolice/status/987523288279613440/photo/1","photo","http://pbs.twimg.com/media/DbRi13QU8AE6TtQ.jpg http://pbs.twimg.com/media/DbRi1z-V4AArZsv.jpg","https://t.co/xxRc6ndeaK https://t.co/xxRc6ndeaK","https://twitter.com/QldPolice/status/987523288279613440/photo/1 https://twitter.com/QldPolice/status/987523288279613440/photo/1",,"x2768501","abcnews","en",,,,,,,,,,,,,
"x987570453458890752",2018-04-21 05:55:18,"x439125710","Ashton5SOS","Calum and I just walked past the venue we are playing at tomorrow and it’s nearly 1 am. Some wonderful woman were waiting already to see us, sleeping bags and all. I can’t express how much I feel after seeing this. Thank you for everything <f0><U+009F><U+008C><U+00B9><U+2764><U+FE0F>","Twitter for iPhone",,,,FALSE,FALSE,66359,13751,,,,,,,,,,,,,,,,"en",,,,,"https://api.twitter.com/1.1/geo/id/1c69a67ad480e1b1.json","Houston","Houston, TX","city","United States","US",,,"-95.823268 -95.069705 -95.069705 -95.823268 29.522325 29.522325 30.1546646 30.1546646"
"x987470932989050881",2018-04-20 23:19:51,"x25073877","realDonaldTrump","Just heard the Campaign was sued by the Obstructionist Democrats. This can be good news in that we will now counter for the DNC Server that they refused to give to the FBI, the Debbie Wasserman Schultz Servers and Documents held by the Pakistani mystery man and Clinton Emails.","Twitter for iPhone",,,,FALSE,FALSE,106151,30743,,,,,,,,,,,,,,,,"en",,,,,,,,,,,,,
"x987564729982894080",2018-04-21 05:32:34,"x125103240","AlexErnst","happy 4/20 from our family to yours https://t.co/Y2yeXIjABa","Twitter for iPhone",,,,FALSE,FALSE,112556,12732,,,,,,"http://pbs.twimg.com/media/DbSI4Y-U0AAVu-Z.jpg","https://t.co/Y2yeXIjABa","https://twitter.com/AlexErnst/status/987564729982894080/photo/1","photo","http://pbs.twimg.com/media/DbSI4Y-U0AAVu-Z.jpg","https://t.co/Y2yeXIjABa","https://twitter.com/AlexErnst/status/987564729982894080/photo/1",,,,"en",,,,,,,,,,,,,
"x987592047782715392",2018-04-21 07:21:07,"x16548023","9GAG","You can't make somebody love you... You can only stalk them and hope for the best.","Buffer",,,,FALSE,FALSE,16699,7518,,,,,,,,,,,,,,,,"en",,,,,,,,,,,,,
"x987559961147326471",2018-04-21 05:13:37,"x1209516660","lildickytweets","J cole is amazing","Twitter for iPhone",,,,FALSE,FALSE,23000,4329,,,,,,,,,,,,,,,,"en",,,,,,,,,,,,,
"x987462423778078720",2018-04-20 22:46:02,"x71273952","danagould","The economy is doing great. 

Just because your car is now a taxi cab, your house is a motel and all the new restaurants are in the back of trucks...

Just know it’s doing great for someone. 

Here, have a hat with a slogan on it.","Twitter for iPhone",,,,FALSE,FALSE,40559,10619,,,,,,,,,,,,,,,,"en",,,,,,,,,,,,,
"x987498027505008640",2018-04-21 01:07:31,"x92860137","richthekid","Do whatever makes you happy","Twitter for iPhone",,,,FALSE,FALSE,18192,11401,,,,,,,,,,,,,,,,"en",,,,,"https://api.twitter.com/1.1/geo/id/5c62ffb0f0f3479d.json","Phoenix","Phoenix, AZ","city","United States","US",,,"-112.3239143 -111.9254391 -111.9254391 -112.3239143 33.29026 33.29026 33.8154652 33.8154652"
"x987454233862705152",2018-04-20 22:13:30,"x16589206","wikileaks","The Democrats are suing @WikiLeaks and @JulianAssange for revealing how the DNC rigged the Democratic primaries. Help us counter-sue. We've never lost a publishing case and discovery is going to be amazing fun:
https://t.co/E1QbYJL4bB

More options:
https://t.co/MsNZhrTzTL https://t.co/VbPp7FTNq3","Twitter Web Client",,,,FALSE,FALSE,14002,9624,,,"iamwikileaks.org/donate/ shop.wikileaks.org/donate","https://t.co/E1QbYJL4bB https://t.co/MsNZhrTzTL","https://www.iamwikileaks.org/donate/ https://shop.wikileaks.org/donate","http://pbs.twimg.com/media/DbQiCWCX4AAoYHc.jpg","https://t.co/VbPp7FTNq3","https://twitter.com/wikileaks/status/987454233862705152/photo/1","photo","http://pbs.twimg.com/media/DbQiCWCX4AAoYHc.jpg","https://t.co/VbPp7FTNq3","https://twitter.com/wikileaks/status/987454233862705152/photo/1",,"x16589206 388983706","wikileaks JulianAssange","en",,,,,,,,,,,,,
"x987582060930908160",2018-04-21 06:41:26,"x17174309","diplo","rest easy @Avicii .. this mix you did for me in 2013 is one my favorite mixes of all time... https://t.co/fRixgRCyRT shows your versatility .. you even remixed get free just for this mix dude I love you https://t.co/FJrJ4Ipc9e","Twitter Web Client",,,,FALSE,FALSE,15714,3045,,,"soundcloud.com/jah7849/avicii…","https://t.co/fRixgRCyRT","https://soundcloud.com/jah7849/avicii-diplo-friends-03-03","http://pbs.twimg.com/media/DbSYSWTVAAAS48U.jpg","https://t.co/FJrJ4Ipc9e","https://twitter.com/diplo/status/987582060930908160/photo/1","photo","http://pbs.twimg.com/media/DbSYSWTVAAAS48U.jpg","https://t.co/FJrJ4Ipc9e","https://twitter.com/diplo/status/987582060930908160/photo/1",,"x27476141","Avicii","en",,,,,,,,,,,,,
"x987426984195174405",2018-04-20 20:25:13,"x25073877","realDonaldTrump","Can you believe that despite 93% bad stories from the Fake News Media (should be getting good stories), today we had just about our highest Poll Numbers, including those on Election Day? The American public is wise to the phony an dishonest press. Make America Great Again!","Twitter for iPhone",,,,FALSE,FALSE,126093,31249,,,,,,,,,,,,,,,,"en",,,,,,,,,,,,,
"x987424739726573568",2018-04-20 20:16:18,"x1951639321","KygoMusic","Can’t believe this is true..my biggest inspiration and the reason why I started making electronic music. Thank you for all the joy you brought to the world with your music. RIP @Avicii https://t.co/74ihAHtpl2","Twitter for iPhone",,,,TRUE,FALSE,87365,21521,,,"twitter.com/kygomusic/stat…","https://t.co/74ihAHtpl2","https://twitter.com/kygomusic/status/492759167653150720",,,,,,,,,"x27476141","Avicii","en","x492759167653150720","Just met my biggest inspiration! @Avicii http://t.co/eFUu6SoHj5",,,"https://api.twitter.com/1.1/geo/id/b075d78174642ce2.json","Palm Desert","Palm Desert, CA","city","United States","US",,,"-116.421818 -116.300776 -116.300776 -116.421818 33.670765 33.670765 33.810312 33.810312"
"x987421788274487296",2018-04-20 20:04:34,"x524024759","BrunoAmato_1","As a Navy Veteran I'd love to know who at #Annapolis thought it was a good idea to invite a 5X draft dodger, who called POW's like Navy Veteran John McCain cowards, and who has already committed treason by offering aid and comfort to Russia after their cyber attack on our nation. https://t.co/pKkYmaQmrn","Twitter Web Client",,,,TRUE,FALSE,65109,21192,"Annapolis",,"twitter.com/realDonaldTrum…","https://t.co/pKkYmaQmrn","https://twitter.com/realDonaldTrump/status/987280537348866048",,,,,,,,,,,"en","x987280537348866048","So exciting! I have agreed to be the Commencement Speaker at our GREAT Naval Academy on May 25th in Annapolis, Maryland. Looking forward to being there.",,,,,,,,,,,
"x987417158127947776",2018-04-20 19:46:10,"x443215941","Sethrogen","Happy 4/20. May you be lucky enough to find yourself somewhere that weed is plentiful and legal. https://t.co/ifogfuzsM8","Twitter for iPhone",,,,FALSE,FALSE,131903,22498,,,,,,"http://pbs.twimg.com/media/DbPrXdbW0AcAKcV.jpg","https://t.co/ifogfuzsM8","https://twitter.com/Sethrogen/status/987417158127947776/photo/1","photo","http://pbs.twimg.com/media/DbPrXdbW0AcAKcV.jpg","https://t.co/ifogfuzsM8","https://twitter.com/Sethrogen/status/987417158127947776/photo/1",,,,"en",,,,,,,,,,,,,
"x987414125021196288",2018-04-20 19:34:07,"x36746176","TheChainsmokers","A day where we lost a hero of ours, an inspiration and friend. There will never ever be another like him and for that reason we cry and will never forget. We posted this video cause it is a reminder of what this brilliant amazing guy did for all of us. And now he is gone. https://t.co/ObfvoSgceh","Twitter for iPhone",,,,FALSE,FALSE,45715,17306,,,,,,"http://pbs.twimg.com/ext_tw_video_thumb/987413952677142528/pu/img/sX8Dc6FtqBpL-5ud.jpg","https://t.co/ObfvoSgceh","https://twitter.com/TheChainsmokers/status/987414125021196288/video/1","photo","http://pbs.twimg.com/ext_tw_video_thumb/987413952677142528/pu/img/sX8Dc6FtqBpL-5ud.jpg","https://t.co/ObfvoSgceh","https://twitter.com/TheChainsmokers/status/987414125021196288/video/1",,,,"en",,,,,"https://api.twitter.com/1.1/geo/id/3b77caf94bfc81fe.json","Los Angeles","Los Angeles, CA","city","United States","US",,,"-118.668404 -118.155409 -118.155409 -118.668404 33.704538 33.704538 34.337041 34.337041"
"x987400667135262725",2018-04-20 18:40:38,"x27725199","RitaOra","I have no words. I remember how amazing it was to make Lonely Together and it felt like just yesterday we were talking. Condolences to Avicii's family, friends, and the fans who supported him. May he rest in peace. Gone too soon. I’m devastated. Heartbroken.","Twitter for iPhone",,,,FALSE,FALSE,99374,19074,,,,,,,,,,,,,,,,"en",,,,,,,,,,,,,
"x987398695510474752",2018-04-20 18:32:48,"x21787625","HARDWELL","Can’t believe this, I’m gonna miss you so bad. From your first show where we played together, to all the amazing memories we shared. Thank you for changing the world with your amazing music and for being such an inspiration. I’m gonna miss you brother, until we meet again! <U+2764> https://t.co/FjJyLA5Ohc","Twitter for iPhone",,,,FALSE,FALSE,107790,32357,,,,,,"http://pbs.twimg.com/media/DbPx4HKXkAEEC7R.jpg","https://t.co/FjJyLA5Ohc","https://twitter.com/HARDWELL/status/987398695510474752/photo/1","photo","http://pbs.twimg.com/media/DbPx4HKXkAEEC7R.jpg","https://t.co/FjJyLA5Ohc","https://twitter.com/HARDWELL/status/987398695510474752/photo/1",,,,"en",,,,,,,,,,,,,
"x987404771798781952",2018-04-20 18:56:57,"x28987332","nickyromero","Tim, I can’t believe what I just heard, you have gone way to early, there are no words to describe how I feel, I am thankful for all the great moments we got to spent together; and thankful for all the things I got to learn from you. The world will miss you.<U+2764><U+FE0F> ~ R.I.P Avicii https://t.co/HR3JvWGs9k","Twitter Web Client",,,,FALSE,FALSE,28121,8095,,,,,,"http://pbs.twimg.com/media/DbP3NKrXkAAUm_P.jpg","https://t.co/HR3JvWGs9k","https://twitter.com/nickyromero/status/987404771798781952/photo/1","photo","http://pbs.twimg.com/media/DbP3NKrXkAAUm_P.jpg","https://t.co/HR3JvWGs9k","https://twitter.com/nickyromero/status/987404771798781952/photo/1",,,,"en",,,,,,,,,,,,,
"x987412956919971840",2018-04-20 19:29:28,"x2302666267","peckpalit","4784 Days Finally 
We meet

 I love you guys  <U+2764><U+2764><U+2764><U+2764><U+2764><U+2764><U+2764><U+2764><U+2764><U+2764><U+2764><U+2764><U+2764><U+2764><U+2764><U+2764><U+2764><U+2764><U+2764><U+2764><U+2764><U+2764><U+2764><U+2764><U+2764><U+2764><U+2764><U+2764><U+2764><U+2764><U+2764><U+2764><U+2764><U+2764><U+2764><U+2764><U+2764><U+2764><U+2764><U+2764><U+2764><U+2764><U+2764><U+2764><U+2764><U+2764><U+2764><U+2764><U+2764><U+2764><U+2764><U+2764><U+2764><U+2764><U+2764><U+2764><U+2764><U+2764><U+2764><U+2764><U+2764><U+2764><U+2764><U+2764><U+2764><U+2764><U+2764><U+2764><U+2764><f0><U+009F><U+0092><U+008B><f0><U+009F><U+0092><U+008B><f0><U+009F><U+0092><U+008B><f0><U+009F><U+0092><U+008B><f0><U+009F><U+0092><U+008B><f0><U+009F><U+0092><U+008B><f0><U+009F><U+0092><U+008B><f0><U+009F><U+0092><U+008B><f0><U+009F><U+0092><U+008B><f0><U+009F><U+0092><U+008B><f0><U+009F><U+0092><U+008B><f0><U+009F><U+0092><U+008B><f0><U+009F><U+0092><U+008B><f0><U+009F><U+0092><U+008B><f0><U+009F><U+0092><U+008B><f0><U+009F><U+0092><U+008B><f0><U+009F><U+0092><U+008B><f0><U+009F><U+0092><U+008B><f0><U+009F><U+0092><U+008B><f0><U+009F><U+0092><U+008B><f0><U+009F><U+0092><U+008B><f0><U+009F><U+0092><U+008B><f0><U+009F><U+0092><U+008B><f0><U+009F><U+0092><U+008B><f0><U+009F><U+0092><U+008B><f0><U+009F><U+0092><U+008B><f0><U+009F><U+0092><U+008B><f0><U+009F><U+0092><U+008B><f0><U+009F><U+0092><U+008B><f0><U+009F><U+0092><U+008B><f0><U+009F><U+0092><U+008B><f0><U+009F><U+0092><U+008B><f0><U+009F><U+0092><U+008B><f0><U+009F><U+0092><U+008B><f0><U+009F><U+0092><U+008B><f0><U+009F><U+0092><U+008B><f0><U+009F><U+0092><U+008B><f0><U+009F><U+0092><U+008B><f0><U+009F><U+0092><U+008B><f0><U+009F><U+0092><U+008B><f0><U+009F><U+0092><U+008B><f0><U+009F><U+0092><U+008B><f0><U+009F><U+0092><U+008B><f0><U+009F><U+0092><U+008B><f0><U+009F><U+0092><U+008B><f0><U+009F><U+0092><U+008B><f0><U+009F><U+0092><U+008B>","Twitter for Android",,,,FALSE,FALSE,15272,16434,,,,,,,,,,,,,,,,"en",,,,,,,,,,,,,
"x987394155264528384",2018-04-20 18:14:46,"x75916180","Imaginedragons","devastated at the news of @Avicii passing. working with him was one of my favorite collaborative moments. far too young. the world was a happier and fuller place with his presence and art. sending all my love to his friends and family. Xxdr","Twitter for iPhone",,,,FALSE,FALSE,58824,16630,,,,,,,,,,,,,,"x27476141","Avicii","en",,,,,,,,,,,,,
"x987415515781124102",2018-04-20 19:39:38,"x18839785","narendramodi","Had a wonderful meeting with Chancellor Angela Merkel. We discussed multiple aspects relating to India-Germany cooperation as well as other global issues. https://t.co/aH1pLddhku","Twitter for iPhone",,,,FALSE,FALSE,23547,3671,,,,,,"http://pbs.twimg.com/media/DbQBJufWsAE7bVd.jpg","https://t.co/aH1pLddhku","https://twitter.com/narendramodi/status/987415515781124102/photo/1","photo","http://pbs.twimg.com/media/DbQBJufWsAE7bVd.jpg http://pbs.twimg.com/media/DbQBJujWsAA1CJ4.jpg","https://t.co/aH1pLddhku https://t.co/aH1pLddhku","https://twitter.com/narendramodi/status/987415515781124102/photo/1 https://twitter.com/narendramodi/status/987415515781124102/photo/1",,,,"en",,,,,,,,,,,,,
"x987404685387685888",2018-04-20 18:56:36,"x403245020","Luke5SOS","LOVE you // https://t.co/oadiPp4vzS","IFTTT",,,,FALSE,FALSE,54224,12988,,,,,,"http://pbs.twimg.com/media/DbP3U-BX0AEZKZ3.jpg","https://t.co/oadiPp4vzS","https://twitter.com/Luke5SOS/status/987404685387685888/photo/1","photo","http://pbs.twimg.com/media/DbP3U-BX0AEZKZ3.jpg","https://t.co/oadiPp4vzS","https://twitter.com/Luke5SOS/status/987404685387685888/photo/1",,,,"en",,,,,,,,,,,,,
"x987327027383619585",2018-04-20 13:48:01,"x46957344","DrakeBell","Happy 420 from your favorite Stoner! https://t.co/gKbbPOs7rN","Twitter for iPhone",,,,FALSE,FALSE,273378,67719,,,,,,"http://pbs.twimg.com/media/DbOwslwVMAALAVP.jpg","https://t.co/gKbbPOs7rN","https://twitter.com/DrakeBell/status/987327027383619585/photo/1","photo","http://pbs.twimg.com/media/DbOwslwVMAALAVP.jpg","https://t.co/gKbbPOs7rN","https://twitter.com/DrakeBell/status/987327027383619585/photo/1",,,,"en",,,,,,,,,,,,,
"x987363131138691073",2018-04-20 16:11:29,"x28420827","FINALLEVEL","I don’t smoke weed but Happy 420!  I’m not a hater.","TweetDeck",,,,FALSE,FALSE,75897,15694,,,,,,,,,,,,,,,,"en",,,,,,,,,,,,,
"x987417689567178752",2018-04-20 19:48:17,"x63112528","Lavernecox","Happy #420day. I have never smoked weed in my life but support decriminalization and think we need to get folks out of prison who are there on marijuana charges. We have to elect folks who will do that work.","Twitter for Android",,,,FALSE,FALSE,8775,1692,"420day",,,,,,,,,,,,,,,"en",,,,,,,,,,,,,
"x987399221279182848",2018-04-20 18:34:54,"x2561704644","IAmAlanWalker","I’m left speechless. You’ve been an idol and inspiration to both myself and countless others, and your music and legacy will continue to live on. Thoughts and prayers to your family and loved ones. Rest in peace, @avicii. And to everyone reading this, take care of each other. https://t.co/ZvVDDeIrO5","Twitter Web Client",,,,FALSE,FALSE,18441,6695,,,,,,"http://pbs.twimg.com/media/DbPyFXrU0AAE48_.jpg","https://t.co/ZvVDDeIrO5","https://twitter.com/IAmAlanWalker/status/987399221279182848/photo/1","photo","http://pbs.twimg.com/media/DbPyFXrU0AAE48_.jpg","https://t.co/ZvVDDeIrO5","https://twitter.com/IAmAlanWalker/status/987399221279182848/photo/1",,"x27476141","Avicii","en",,,,,,,,,,,,,
"x987398695510474752",2018-04-20 18:32:48,"x21787625","HARDWELL","Can’t believe this, I’m gonna miss you so bad. From your first show where we played together, to all the amazing memories we shared. Thank you for changing the world with your amazing music and for being such an inspiration. I’m gonna miss you brother, until we meet again! <U+2764> https://t.co/FjJyLA5Ohc","Twitter for iPhone",,,,FALSE,FALSE,107790,32357,,,,,,"http://pbs.twimg.com/media/DbPx4HKXkAEEC7R.jpg","https://t.co/FjJyLA5Ohc","https://twitter.com/HARDWELL/status/987398695510474752/photo/1","photo","http://pbs.twimg.com/media/DbPx4HKXkAEEC7R.jpg","https://t.co/FjJyLA5Ohc","https://twitter.com/HARDWELL/status/987398695510474752/photo/1",,,,"en",,,,,,,,,,,,,
"x987394155264528384",2018-04-20 18:14:46,"x75916180","Imaginedragons","devastated at the news of @Avicii passing. working with him was one of my favorite collaborative moments. far too young. the world was a happier and fuller place with his presence and art. sending all my love to his friends and family. Xxdr","Twitter for iPhone",,,,FALSE,FALSE,58824,16630,,,,,,,,,,,,,,"x27476141","Avicii","en",,,,,,,,,,,,,
"x987327027383619585",2018-04-20 13:48:01,"x46957344","DrakeBell","Happy 420 from your favorite Stoner! https://t.co/gKbbPOs7rN","Twitter for iPhone",,,,FALSE,FALSE,273378,67719,,,,,,"http://pbs.twimg.com/media/DbOwslwVMAALAVP.jpg","https://t.co/gKbbPOs7rN","https://twitter.com/DrakeBell/status/987327027383619585/photo/1","photo","http://pbs.twimg.com/media/DbOwslwVMAALAVP.jpg","https://t.co/gKbbPOs7rN","https://twitter.com/DrakeBell/status/987327027383619585/photo/1",,,,"en",,,,,,,,,,,,,
"x987363131138691073",2018-04-20 16:11:29,"x28420827","FINALLEVEL","I don’t smoke weed but Happy 420!  I’m not a hater.","TweetDeck",,,,FALSE,FALSE,75897,15694,,,,,,,,,,,,,,,,"en",,,,,,,,,,,,,
"x987372366111166465",2018-04-20 16:48:11,"x2841131745","DannyWelbeck","Feel privileged to have worked under such a great manager. A true gentleman and an innovator of the game. We will fight until the end for you #MerciArsène https://t.co/nLbYgmp2K7","Twitter for iPhone",,,,FALSE,FALSE,24321,5497,"MerciArsène",,,,,"http://pbs.twimg.com/media/DbPZyqKWkAAScgN.jpg","https://t.co/nLbYgmp2K7","https://twitter.com/DannyWelbeck/status/987372366111166465/photo/1","photo","http://pbs.twimg.com/media/DbPZyqKWkAAScgN.jpg http://pbs.twimg.com/media/DbPZywWWAAAHahn.jpg http://pbs.twimg.com/media/DbPZyqvWAAA6h5f.jpg","https://t.co/nLbYgmp2K7 https://t.co/nLbYgmp2K7 https://t.co/nLbYgmp2K7","https://twitter.com/DannyWelbeck/status/987372366111166465/photo/1 https://twitter.com/DannyWelbeck/status/987372366111166465/photo/1 https://twitter.com/DannyWelbeck/status/987372366111166465/photo/1",,,,"en",,,,,,,,,,,,,
"x987386155003011073",2018-04-20 17:42:58,"x16078808","AndySlater","Avicii always electrified the crowd. It was a great time in Vegas during Super Bowl weekend in 2013. May he RIP. https://t.co/WvyRw9RhXX","Twitter Web Client",,,,FALSE,FALSE,15160,3932,,,,,,"http://pbs.twimg.com/ext_tw_video_thumb/987385733517332480/pu/img/DdMGyOSFBOXX2i4b.jpg","https://t.co/WvyRw9RhXX","https://twitter.com/AndySlater/status/987386155003011073/video/1","photo","http://pbs.twimg.com/ext_tw_video_thumb/987385733517332480/pu/img/DdMGyOSFBOXX2i4b.jpg","https://t.co/WvyRw9RhXX","https://twitter.com/AndySlater/status/987386155003011073/video/1",,,,"en",,,,,,,,,,,,,
"x987387400207953922",2018-04-20 17:47:55,"x19865053","rolandscahill","I love it when CNN taunts Trump with things like this! https://t.co/rt0y38U8ks","Twitter for iPad",,,,FALSE,FALSE,10240,3333,,,,,,"http://pbs.twimg.com/media/DbPnmDYW0AEz_u2.jpg","https://t.co/rt0y38U8ks","https://twitter.com/rolandscahill/status/987387400207953922/photo/1","photo","http://pbs.twimg.com/media/DbPnmDYW0AEz_u2.jpg","https://t.co/rt0y38U8ks","https://twitter.com/rolandscahill/status/987387400207953922/photo/1",,,,"en",,,,,,,,,,,,,
"x987378892032880640",2018-04-20 17:14:07,"x757303975","ChelseaClinton","Hi @amychozick! The 1st line (“Things were already looking bad when Chelsea Clinton popped the Champagne”) is false. I would have been happy to tell you that if you’d asked, which you didn’t. Looking forward to the correction once you fact check. Thanks! https://t.co/gqppfDEEW1","Twitter for iPhone",,,,FALSE,FALSE,14172,2833,,,"nytimes.com/2018/04/20/sun…","https://t.co/gqppfDEEW1","https://www.nytimes.com/2018/04/20/sunday-review/hillary-clinton-chasing-hillary.html",,,,,,,,,"x119491006","amychozick","en",,,,,,,,,,,,,
"x987394712339468289",2018-04-20 18:16:58,"x23741531","RubyRose","No @Avicii ... I can’t even begin to comprehend this. I adore you and I loved traveling and touring Europe with you. You were my friend and a beautiful person. Vegas and Ibiza memories will always be so special to me. RIP you were magic.","Twitter for iPhone",,,,FALSE,FALSE,13430,2443,,,,,,,,,,,,,,"x27476141","Avicii","en",,,,,,,,,,,,,
"x987399090597220352",2018-04-20 18:34:22,"x206631462","MykeCole","I assume all you youngsters talking about “blazing 420” are of course referring to the blazing career of Alcibiades, who in 420 BC was elected st<U+03C1>at<U+03B7><U+03B3><U+03CC><U+03C2> (Strategos), an incredible height of power for one so young. 

I applaud your interest in the great figures of our ancient past","Twitter for iPhone",,,,FALSE,FALSE,14026,3857,,,,,,,,,,,,,,,,"en",,,,,,,,,,,,,
"x987395110198530049",2018-04-20 18:18:33,"x294809172","thomasvermaelen","It has been a great honour to play for you and I am grateful for the opportunity you gave me to play for Arsenal FC. You deserve all the respect for what you have done for this club. I wish you all the best Boss! #MerciArsène https://t.co/tmhUQsDXtJ","Twitter for iPhone",,,,FALSE,FALSE,13740,3549,"MerciArsène",,,,,"http://pbs.twimg.com/media/DbPunZhXkAYlDi-.jpg","https://t.co/tmhUQsDXtJ","https://twitter.com/thomasvermaelen/status/987395110198530049/photo/1","photo","http://pbs.twimg.com/media/DbPunZhXkAYlDi-.jpg","https://t.co/tmhUQsDXtJ","https://twitter.com/thomasvermaelen/status/987395110198530049/photo/1",,,,"en",,,,,,,,,,,,,
"x987393271344250880",2018-04-20 18:11:15,"x16524285","pazpaz","Avicii was one of the first artists who made me fall in love with edm. My heart is completely broken.","Twitter for iPhone",,,,FALSE,FALSE,5907,1671,,,,,,,,,,,,,,,,"en",,,,,,,,,,,,,
"x987361189599461377",2018-04-20 16:03:46,"x710064516","TheRealAC3","To the man who believed in me and trusted me to play in a great team,thank you for having my back. I will never forget the conversations we had and the belief you had in me thank you for some great memories and good luck in whatever is next for You #wenger <U+270C><f0><U+009F><U+008F><U+00BE> https://t.co/bZAlLMeVm5","Twitter for iPhone",,,,FALSE,FALSE,14020,3406,"wenger",,,,,"http://pbs.twimg.com/media/DbPPxHGU0AAW1s6.jpg","https://t.co/bZAlLMeVm5","https://twitter.com/TheRealAC3/status/987361189599461377/photo/1","photo","http://pbs.twimg.com/media/DbPPxHGU0AAW1s6.jpg","https://t.co/bZAlLMeVm5","https://twitter.com/TheRealAC3/status/987361189599461377/photo/1",,,,"en",,,,,,,,,,,,,
"x987388091685068800",2018-04-20 17:50:40,"x216430965","Caspar_Lee","RIP Avicii. I have so many great memories to his music.","Twitter for iPhone",,,,FALSE,FALSE,39313,3892,,,,,,,,,,,,,,,,"en",,,,,,,,,,,,,
"x987381009409769473",2018-04-20 17:22:31,"x154101116","DUALIPA","ONE KISS IS NUMBER 1!!! WE ARE SO HAPPY!! Love to all our fans for their support and thank you for listening, sharing and streaming our song it’s officially the fastest selling single of 2018!! <U+2764><U+FE0F><U+2764><U+FE0F><U+2764><U+FE0F><U+2764><U+FE0F> #OneKiss https://t.co/XF2NJPJgZY","Twitter for iPhone",,,,FALSE,FALSE,14632,1878,"OneKiss",,,,,"http://pbs.twimg.com/media/DbPhyDZXkAIavKD.jpg","https://t.co/XF2NJPJgZY","https://twitter.com/DUALIPA/status/987381009409769473/photo/1","photo","http://pbs.twimg.com/media/DbPhyDZXkAIavKD.jpg","https://t.co/XF2NJPJgZY","https://twitter.com/DUALIPA/status/987381009409769473/photo/1",,,,"en",,,,,,,,,,,,,
"x987327027383619585",2018-04-20 13:48:01,"x46957344","DrakeBell","Happy 420 from your favorite Stoner! https://t.co/gKbbPOs7rN","Twitter for iPhone",,,,FALSE,FALSE,273378,67719,,,,,,"http://pbs.twimg.com/media/DbOwslwVMAALAVP.jpg","https://t.co/gKbbPOs7rN","https://twitter.com/DrakeBell/status/987327027383619585/photo/1","photo","http://pbs.twimg.com/media/DbOwslwVMAALAVP.jpg","https://t.co/gKbbPOs7rN","https://twitter.com/DrakeBell/status/987327027383619585/photo/1",,,,"en",,,,,,,,,,,,,
"x987363131138691073",2018-04-20 16:11:29,"x28420827","FINALLEVEL","I don’t smoke weed but Happy 420!  I’m not a hater.","TweetDeck",,,,FALSE,FALSE,75897,15694,,,,,,,,,,,,,,,,"en",,,,,,,,,,,,,
"x987372366111166465",2018-04-20 16:48:11,"x2841131745","DannyWelbeck","Feel privileged to have worked under such a great manager. A true gentleman and an innovator of the game. We will fight until the end for you #MerciArsène https://t.co/nLbYgmp2K7","Twitter for iPhone",,,,FALSE,FALSE,24321,5497,"MerciArsène",,,,,"http://pbs.twimg.com/media/DbPZyqKWkAAScgN.jpg","https://t.co/nLbYgmp2K7","https://twitter.com/DannyWelbeck/status/987372366111166465/photo/1","photo","http://pbs.twimg.com/media/DbPZyqKWkAAScgN.jpg http://pbs.twimg.com/media/DbPZywWWAAAHahn.jpg http://pbs.twimg.com/media/DbPZyqvWAAA6h5f.jpg","https://t.co/nLbYgmp2K7 https://t.co/nLbYgmp2K7 https://t.co/nLbYgmp2K7","https://twitter.com/DannyWelbeck/status/987372366111166465/photo/1 https://twitter.com/DannyWelbeck/status/987372366111166465/photo/1 https://twitter.com/DannyWelbeck/status/987372366111166465/photo/1",,,,"en",,,,,,,,,,,,,
"x987378892032880640",2018-04-20 17:14:07,"x757303975","ChelseaClinton","Hi @amychozick! The 1st line (“Things were already looking bad when Chelsea Clinton popped the Champagne”) is false. I would have been happy to tell you that if you’d asked, which you didn’t. Looking forward to the correction once you fact check. Thanks! https://t.co/gqppfDEEW1","Twitter for iPhone",,,,FALSE,FALSE,14172,2833,,,"nytimes.com/2018/04/20/sun…","https://t.co/gqppfDEEW1","https://www.nytimes.com/2018/04/20/sunday-review/hillary-clinton-chasing-hillary.html",,,,,,,,,"x119491006","amychozick","en",,,,,,,,,,,,,
"x987361189599461377",2018-04-20 16:03:46,"x710064516","TheRealAC3","To the man who believed in me and trusted me to play in a great team,thank you for having my back. I will never forget the conversations we had and the belief you had in me thank you for some great memories and good luck in whatever is next for You #wenger <U+270C><f0><U+009F><U+008F><U+00BE> https://t.co/bZAlLMeVm5","Twitter for iPhone",,,,FALSE,FALSE,14020,3406,"wenger",,,,,"http://pbs.twimg.com/media/DbPPxHGU0AAW1s6.jpg","https://t.co/bZAlLMeVm5","https://twitter.com/TheRealAC3/status/987361189599461377/photo/1","photo","http://pbs.twimg.com/media/DbPPxHGU0AAW1s6.jpg","https://t.co/bZAlLMeVm5","https://twitter.com/TheRealAC3/status/987361189599461377/photo/1",,,,"en",,,,,,,,,,,,,
"x987364767223332864",2018-04-20 16:17:59,"x64857767","tommychong","Happy 420, man <U+2705><f0><U+009F><U+0092><U+00A8><f0><U+009F><U+0092><U+00A8> https://t.co/Ci2CmbLNOr","Twitter for iPhone",,,,FALSE,FALSE,8378,3186,,,,,,"http://pbs.twimg.com/ext_tw_video_thumb/987364339869876224/pu/img/4hv1zGYBuunhZinW.jpg","https://t.co/Ci2CmbLNOr","https://twitter.com/tommychong/status/987364767223332864/video/1","photo","http://pbs.twimg.com/ext_tw_video_thumb/987364339869876224/pu/img/4hv1zGYBuunhZinW.jpg","https://t.co/Ci2CmbLNOr","https://twitter.com/tommychong/status/987364767223332864/video/1",,,,"en",,,,,,,,,,,,,
"x987257706858901505",2018-04-20 09:12:34,"x287834630","GNev2","Arsene Wenger built the best teams that I played against in English Football .The 98 team was Amazing.The biggest compliment is that he played football that made us change the way we played against them.  He now deserves the most incredible send off from all in the coming weeks.","Twitter for iPhone",,,,FALSE,FALSE,82445,24380,,,,,,,,,,,,,,,,"en",,,,,,,,,,,,,
"x987360781846097923",2018-04-20 16:02:09,"x2818322000","deadpoolmovie","Happy #420Day everyone! Let’s be careful out there! https://t.co/qLLDEU7xQO","Twitter Web Client",,,,FALSE,FALSE,11904,2737,"420Day",,,,,"http://pbs.twimg.com/tweet_video_thumb/DbPPV_1XUAEY_Cu.jpg","https://t.co/qLLDEU7xQO","https://twitter.com/deadpoolmovie/status/987360781846097923/photo/1","photo","http://pbs.twimg.com/tweet_video_thumb/DbPPV_1XUAEY_Cu.jpg","https://t.co/qLLDEU7xQO","https://twitter.com/deadpoolmovie/status/987360781846097923/photo/1",,,,"en",,,,,,,,,,,,,
"x987361765280440320",2018-04-20 16:06:03,"x11912362","WORLDSTAR","Happy #420 y’all! <f0><U+009F><U+0098><U+0082><f0><U+009F><U+008D><U+0081> https://t.co/Dmp9AZdcxe","Twitter for iPhone",,,,FALSE,FALSE,9525,3247,,,,,,"http://pbs.twimg.com/media/DbPQSLnVMAAGhXU.jpg","https://t.co/Dmp9AZdcxe","https://twitter.com/WORLDSTAR/status/987361765280440320/photo/1","photo","http://pbs.twimg.com/media/DbPQSLnVMAAGhXU.jpg","https://t.co/Dmp9AZdcxe","https://twitter.com/WORLDSTAR/status/987361765280440320/photo/1",,,,"en",,,,,,,,,,,,,
"x987360335437991936",2018-04-20 16:00:22,"x2493199232","PetrCech","After the big news today it’s an opportunity for all the Gunners to show the love and appreciation to the man who created huge part of the history and legacy of @Arsenal and hopefully will leave with another trophy in his hands! Up to all of us to make it happen . #COYG https://t.co/W9Tl56Dc8y","Twitter for iPhone",,,,FALSE,FALSE,30856,7058,"COYG",,,,,"http://pbs.twimg.com/media/DbPO-kOW4AA0c-A.jpg","https://t.co/W9Tl56Dc8y","https://twitter.com/PetrCech/status/987360335437991936/photo/1","photo","http://pbs.twimg.com/media/DbPO-kOW4AA0c-A.jpg","https://t.co/W9Tl56Dc8y","https://twitter.com/PetrCech/status/987360335437991936/photo/1",,"x34613288","Arsenal","en",,,,,,,,,,,,,
"x987360718226935809",2018-04-20 16:01:54,"x263622853","AbouVDIABY","Truly saddened to hear the Boss is leaving. A great man who made an everlasting positive impact.The moral support&amp; confidence you gave me, alongside your guidance&amp; support helped me become the man I am today. A shining light on my darkest days. From the bottom of my heart, MERCI.","Twitter for iPhone",,,,FALSE,FALSE,16672,5112,,,,,,,,,,,,,,,,"en",,,,,,,,,,,,,
"x986621201920356352",2018-04-18 15:03:19,"x169686021","kanyewest","You have the best ideas. Other people's opinions are usually more  distractive than informative. Follow your own vision. base your actions on love. Do things you love and if you don't absolutely love something stop doing it as soon as you can.","Twitter for iPhone",,,,FALSE,FALSE,238054,89530,,,,,,,,,,,,,,,,"en",,,,,,,,,,,,,
"x986624438106865664",2018-04-18 15:16:11,"x169686021","kanyewest","I don't believe in the concept of an enemy. We have been conditioned to always be in competition. Stop looking for something to beat and just be. You don't have to do all the work. Once you start moving in love the universe will assist you.","Twitter for iPhone",,,,FALSE,FALSE,208318,73030,,,,,,,,,,,,,,,,"en",,,,,,,,,,,,,
"x987065049566138375",2018-04-19 20:27:01,"x25073877","realDonaldTrump","...Hopefully the Senate will not leave Washington until our Ambassadors, Judges and the people who make Washington work are approved. The Democrats are Obstructing the process and we need these people approved for the good of our Country!","Twitter for iPhone",,,,FALSE,FALSE,71456,18813,,,,,,,,,,,,,,,,"en",,,,,,,,,,,,,
"x987066289855303681",2018-04-19 20:31:56,"x25073877","realDonaldTrump","Mike Pompeo is outstanding. First in his class at West Point. A top student at Harvard Law School. A success at whatever he has done. We need the Senate to approve Mike ASAP. He will be a great Secretary of State!","Twitter for iPhone",,,,FALSE,FALSE,87228,21998,,,,,,,,,,,,,,,,"en",,,,,,,,,,,,,
"x986621201920356352",2018-04-18 15:03:19,"x169686021","kanyewest","You have the best ideas. Other people's opinions are usually more  distractive than informative. Follow your own vision. base your actions on love. Do things you love and if you don't absolutely love something stop doing it as soon as you can.","Twitter for iPhone",,,,FALSE,FALSE,238054,89530,,,,,,,,,,,,,,,,"en",,,,,,,,,,,,,
"x986046807812681728",2018-04-17 01:00:53,"x1409798257","bts_bighit","New album #LOVE_YOURSELF <U+8F49> 'Tear' will be here 5/18 <U+2764><U+2764> Listen to our This is: BTS Playlist (https://t.co/h1Pb1fQAmt) on @spotify #BTSxSpotify https://t.co/9MRhSGkHQP","Twitter for Android",,,,FALSE,FALSE,322856,132818,"LOVE_YOURSELF BTSxSpotify",,"spoti.fi/2HBt5NG","https://t.co/h1Pb1fQAmt","https://spoti.fi/2HBt5NG","http://pbs.twimg.com/ext_tw_video_thumb/986046765785726976/pu/img/aJJnxQ3HdVQ3BNe2.jpg","https://t.co/9MRhSGkHQP","https://twitter.com/bts_bighit/status/986046807812681728/video/1","photo","http://pbs.twimg.com/ext_tw_video_thumb/986046765785726976/pu/img/aJJnxQ3HdVQ3BNe2.jpg","https://t.co/9MRhSGkHQP","https://twitter.com/bts_bighit/status/986046807812681728/video/1",,"x17230018","Spotify","en",,,,,,,,,,,,,
"x986624438106865664",2018-04-18 15:16:11,"x169686021","kanyewest","I don't believe in the concept of an enemy. We have been conditioned to always be in competition. Stop looking for something to beat and just be. You don't have to do all the work. Once you start moving in love the universe will assist you.","Twitter for iPhone",,,,FALSE,FALSE,208318,73030,,,,,,,,,,,,,,,,"en",,,,,,,,,,,,,
"x986318237116915715",2018-04-17 18:59:27,"x169686021","kanyewest","be transparent as possible. Stop setting plays. Stop playing chess with life. Make decisions based on love not fear.","Twitter for iPhone",,,,FALSE,FALSE,285395,122987,,,,,,,,,,,,,,,,"en",,,,,,,,,,,,,
"x986316732905283584",2018-04-17 18:53:28,"x169686021","kanyewest","everything you do in life stems from either fear or love","Twitter for iPhone",,,,FALSE,FALSE,243690,104460,,,,,,,,,,,,,,,,"en",,,,,,,,,,,,,
"x986111242023583745",2018-04-17 05:16:55,"x255388236","theweeknd","don’t threaten me with a good time <f0><U+009F><U+0092><U+00AA><f0><U+009F><U+008F><U+00BE>","Twitter for iPhone",,,,FALSE,FALSE,202244,68066,,,,,,,,,,,,,,,,"en",,,,,,,,,,,,,
"x987065049566138375",2018-04-19 20:27:01,"x25073877","realDonaldTrump","...Hopefully the Senate will not leave Washington until our Ambassadors, Judges and the people who make Washington work are approved. The Democrats are Obstructing the process and we need these people approved for the good of our Country!","Twitter for iPhone",,,,FALSE,FALSE,71456,18813,,,,,,,,,,,,,,,,"en",,,,,,,,,,,,,
"x986643179452747776",2018-04-18 16:30:39,"x25073877","realDonaldTrump","Best wishes to Prime Minister @Netanyahu and all of the people of Israel on the 70th Anniversary of your Great Independence. We have no better friends anywhere. Looking forward to moving our Embassy to Jerusalem next month!","Twitter for iPhone",,,,FALSE,FALSE,100759,23809,,,,,,,,,,,,,,"x17061263","netanyahu","en",,,,,,,,,,,,,
"x986544936672690177",2018-04-18 10:00:16,"x9695312","billboard",".@BTS_twt's new album ""Love Yourself: Tear"" will be released in May! https://t.co/UCADlyNAzT https://t.co/RcSIFGkz3N","SocialFlow",,,,FALSE,FALSE,77516,32296,,,"blbrd.cm/4Z5Z5g","https://t.co/UCADlyNAzT","http://blbrd.cm/4Z5Z5g","http://pbs.twimg.com/media/DbDpY_BX4AEFWVz.jpg","https://t.co/RcSIFGkz3N","https://twitter.com/billboard/status/986544936672690177/photo/1","photo","http://pbs.twimg.com/media/DbDpY_BX4AEFWVz.jpg","https://t.co/RcSIFGkz3N","https://twitter.com/billboard/status/986544936672690177/photo/1",,"x335141638","BTS_twt","en",,,,,,,,,,,,,
"x986899742574624768",2018-04-19 09:30:08,"x20609518","DalaiLama","Not only is it the case that happy people are more willing to help others, but as I generally point out, helping others is the best way to help yourself, the best way to promote your own happiness. It is you, yourself, who will receive the benefit.","Twitter Web Client",,,,FALSE,FALSE,106589,40468,,,,,,,,,,,,,,,,"en",,,,,,,,,,,,,
"x986620501773733888",2018-04-18 15:00:32,"x29442313","SenSanders","Cardi B is right. If we are really going to make America great we need to strengthen Social Security so that seniors are able to retire with the dignity they deserve. https://t.co/B8cOkoOdLc","Twitter Web Client",,,,TRUE,FALSE,135689,37676,,,"twitter.com/SSWorks/status…","https://t.co/B8cOkoOdLc","https://twitter.com/SSWorks/status/983413678514073606",,,,,,,,,,,"en","x983413678514073606","FDR is ""the real 'Make America Great Again' President because of it weren't for him, older Americans wouldn't even get Social Security."" - @iamcardib https://t.co/6FPjVRsKrF",,,,,,,,,,,
"x986625267006308355",2018-04-18 15:19:28,"x18220175","Diddy","Do more of what makes you happy.","Twitter Web Client",,,,FALSE,FALSE,79819,50657,,,,,,,,,,,,,,,,"en",,,,,,,,,,,,,
"x987038167730552832",2018-04-19 18:40:12,"x25073877","realDonaldTrump",".@MarshaBlackburn is a wonderful woman who has always been there when we have needed her. Great on the Military, Border Security and Crime. Loves and works hard for the people of Tennessee. She has my full endorsement and I will be there to campaign with her!","Twitter for iPhone",,,,FALSE,FALSE,54997,13727,,,,,,,,,,,,,,"x278145569","MarshaBlackburn","en",,,,,,,,,,,,,
"x986628027583954944",2018-04-18 15:30:27,"x373471064","TwitterMusic","New <f0><U+009F><U+0094><U+00A5> music announcements means new reasons to be excited. 

<f0><U+009F><U+008E><U+00B5> @ArianaGrande <U+2796> No Tears Left to Cry (April 20)
<f0><U+009F><U+008E><U+00B5> @JColeNC <U+2796> K.O.D. (April 20)
<f0><U+009F><U+008E><U+00B5> @BTS_twt <U+2796> Love Yourself: Tear (May 18)
<f0><U+009F><U+008E><U+00B5> @Drake <U+2796> Scorpion (June)

Tweet what releases you're waiting for. <f0><U+009F><U+0091><U+0087>","Twitter Web Client",,,,FALSE,FALSE,19771,11279,,,,,,,,,,,,,,"x34507480 19028953 335141638 27195114","ArianaGrande JColeNC BTS_twt Drake","en",,,,,,,,,,,,,
"x986801317032157184",2018-04-19 02:59:02,"x17659206","soompi","#BTS Tops Amazon’s Best Sellers List Once Again With Pre-Orders For “Love Yourself: Tear” https://t.co/DvvFkbFFdE https://t.co/cPDoH09lV0","TweetDeck",,,,FALSE,FALSE,38107,14113,"BTS",,"soompi.com/2018/04/18/bts…","https://t.co/DvvFkbFFdE","https://www.soompi.com/2018/04/18/bts-tops-amazons-best-sellers-list-pre-orders-love-tear/","http://pbs.twimg.com/media/DbHSjxgU0AEFkF7.jpg","https://t.co/cPDoH09lV0","https://twitter.com/soompi/status/986801317032157184/photo/1","photo","http://pbs.twimg.com/media/DbHSjxgU0AEFkF7.jpg","https://t.co/cPDoH09lV0","https://twitter.com/soompi/status/986801317032157184/photo/1",,,,"en",,,,,,,,,,,,,
